"GeneratedAt","Category","CategoryLabel","ItemType","ItemName","RelativePath","Description","HasREADME","HasAGENTS","JavaFileCount","ScriptFileCount","InputFileCount","DocumentationFileCount","OtherFileCount","TotalFileCount"
"2026-09-06T21:18:39","Basic_Syntax","基础语法","File","add_rev_and_run.java","Basic_Syntax/add_rev_and_run.java","文件：add_rev_and_run.java","False","False","1","0","0","0","0","1"
"2026-09-06T21:18:39","Basic_Syntax","基础语法","File","AddIsoThermal.java","Basic_Syntax/AddIsoThermal.java","文件：AddIsoThermal.java","False","False","1","0","0","0","0","1"
"2026-09-06T21:18:39","Basic_Syntax","基础语法","File","AddPartsToScalar.java","Basic_Syntax/AddPartsToScalar.java","文件：AddPartsToScalar.java","False","False","1","0","0","0","0","1"
"2026-09-06T21:18:39","Basic_Syntax","基础语法","File","AddSteadyClass.java","Basic_Syntax/AddSteadyClass.java","文件：AddSteadyClass.java","False","False","1","0","0","0","0","1"
"2026-09-06T21:18:39","Basic_Syntax","基础语法","File","addUserLib.java","Basic_Syntax/addUserLib.java","文件：addUserLib.java","False","False","1","0","0","0","0","1"
"2026-09-06T21:18:39","Basic_Syntax","基础语法","File","AGENTS.md","Basic_Syntax/AGENTS.md","文件：AGENTS.md","False","False","0","0","0","1","0","1"
"2026-09-06T21:18:39","Basic_Syntax","基础语法","File","ApplyDerivedPartToScene.java","Basic_Syntax/ApplyDerivedPartToScene.java","文件：ApplyDerivedPartToScene.java","False","False","1","0","0","0","0","1"
"2026-09-06T21:18:39","Basic_Syntax","基础语法","File","Boundary_Conditions.md","Basic_Syntax/Boundary_Conditions.md","文件：Boundary_Conditions.md","False","False","0","0","0","1","0","1"
"2026-09-06T21:18:39","Basic_Syntax","基础语法","File","ChangePerspective.java","Basic_Syntax/ChangePerspective.java","文件：ChangePerspective.java","False","False","1","0","0","0","0","1"
"2026-09-06T21:18:39","Basic_Syntax","基础语法","File","ChangeToTracing.java","Basic_Syntax/ChangeToTracing.java","文件：ChangeToTracing.java","False","False","1","0","0","0","0","1"
"2026-09-06T21:18:39","Basic_Syntax","基础语法","File","Continue.java","Basic_Syntax/Continue.java","文件：Continue.java","False","False","1","0","0","0","0","1"
"2026-09-06T21:18:39","Basic_Syntax","基础语法","File","convectionOnlyScalar.java","Basic_Syntax/convectionOnlyScalar.java","文件：convectionOnlyScalar.java","False","False","1","0","0","0","0","1"
"2026-09-06T21:18:39","Basic_Syntax","基础语法","File","CreateDerivedParts.java","Basic_Syntax/CreateDerivedParts.java","文件：CreateDerivedParts.java","False","False","1","0","0","0","0","1"
"2026-09-06T21:18:39","Basic_Syntax","基础语法","File","CreateFieldFunctions.java","Basic_Syntax/CreateFieldFunctions.java","文件：CreateFieldFunctions.java","False","False","1","0","0","0","0","1"
"2026-09-06T21:18:39","Basic_Syntax","基础语法","File","createFieldFunctionYEtc.java","Basic_Syntax/createFieldFunctionYEtc.java","文件：createFieldFunctionYEtc.java","False","False","1","0","0","0","0","1"
"2026-09-06T21:18:39","Basic_Syntax","基础语法","File","CreateLineProbe.java","Basic_Syntax/CreateLineProbe.java","文件：CreateLineProbe.java","False","False","1","0","0","0","0","1"
"2026-09-06T21:18:39","Basic_Syntax","基础语法","File","CreatePhysics.java","Basic_Syntax/CreatePhysics.java","文件：CreatePhysics.java","False","False","1","0","0","0","0","1"
"2026-09-06T21:18:39","Basic_Syntax","基础语法","File","CreateTensorFieldFunctions.java","Basic_Syntax/CreateTensorFieldFunctions.java","文件：CreateTensorFieldFunctions.java","False","False","1","0","0","0","0","1"
"2026-09-06T21:18:39","Basic_Syntax","基础语法","File","Demo6b_Write_Camera_Views.java","Basic_Syntax/Demo6b_Write_Camera_Views.java","文件：Demo6b_Write_Camera_Views.java","False","False","1","0","0","0","0","1"
"2026-09-06T21:18:39","Basic_Syntax","基础语法","File","Demo9_Make_Me_Pretty.java","Basic_Syntax/Demo9_Make_Me_Pretty.java","Prettify Scenes, Plots, Annotations and Monitors with this very useful method.","False","False","1","0","0","0","0","1"
"2026-09-06T21:18:39","Basic_Syntax","基础语法","File","EnableUserLib.java","Basic_Syntax/EnableUserLib.java","文件：EnableUserLib.java","False","False","1","0","0","0","0","1"
"2026-09-06T21:18:39","Basic_Syntax","基础语法","File","executeMesh.java","Basic_Syntax/executeMesh.java","文件：executeMesh.java","False","False","1","0","0","0","0","1"
"2026-09-06T21:18:39","Basic_Syntax","基础语法","File","ExportShear.java","Basic_Syntax/ExportShear.java","文件：ExportShear.java","False","False","1","0","0","0","0","1"
"2026-09-06T21:18:39","Basic_Syntax","基础语法","File","ExportShearRst.java","Basic_Syntax/ExportShearRst.java","文件：ExportShearRst.java","False","False","1","0","0","0","0","1"
"2026-09-06T21:18:39","Basic_Syntax","基础语法","File","ExportTorque.java","Basic_Syntax/ExportTorque.java","文件：ExportTorque.java","False","False","1","0","0","0","0","1"
"2026-09-06T21:18:39","Basic_Syntax","基础语法","File","fieldfunctionDef.java","Basic_Syntax/fieldfunctionDef.java","文件：fieldfunctionDef.java","False","False","1","0","0","0","0","1"
"2026-09-06T21:18:39","Basic_Syntax","基础语法","File","FreezeFlow.java","Basic_Syntax/FreezeFlow.java","文件：FreezeFlow.java","False","False","1","0","0","0","0","1"
"2026-09-06T21:18:39","Basic_Syntax","基础语法","File","FunctionNames.java","Basic_Syntax/FunctionNames.java","文件：FunctionNames.java","False","False","1","0","0","0","0","1"
"2026-09-06T21:18:39","Basic_Syntax","基础语法","File","HideOutline.java","Basic_Syntax/HideOutline.java","文件：HideOutline.java","False","False","1","0","0","0","0","1"
"2026-09-06T21:18:39","Basic_Syntax","基础语法","File","Laminar.java","Basic_Syntax/Laminar.java","文件：Laminar.java","False","False","1","0","0","0","0","1"
"2026-09-06T21:18:39","Basic_Syntax","基础语法","File","LES.java","Basic_Syntax/LES.java","文件：LES.java","False","False","1","0","0","0","0","1"
"2026-09-06T21:18:39","Basic_Syntax","基础语法","File","Macro_Structure.md","Basic_Syntax/Macro_Structure.md","文件：Macro_Structure.md","False","False","0","0","0","1","0","1"
"2026-09-06T21:18:39","Basic_Syntax","基础语法","File","Macro_Writing_Best_Practices.md","Basic_Syntax/Macro_Writing_Best_Practices.md","文件：Macro_Writing_Best_Practices.md","False","False","0","0","0","1","0","1"
"2026-09-06T21:18:39","Basic_Syntax","基础语法","File","Mesh_Generation.md","Basic_Syntax/Mesh_Generation.md","文件：Mesh_Generation.md","False","False","0","0","0","1","0","1"
"2026-09-06T21:18:39","Basic_Syntax","基础语法","File","Mesh_Run.java","Basic_Syntax/Mesh_Run.java","文件：Mesh_Run.java","False","False","1","0","0","0","0","1"
"2026-09-06T21:18:39","Basic_Syntax","基础语法","File","mesh.java","Basic_Syntax/mesh.java","文件：mesh.java","False","False","1","0","0","0","0","1"
"2026-09-06T21:18:39","Basic_Syntax","基础语法","File","Meshing.java","Basic_Syntax/Meshing.java","文件：Meshing.java","False","False","1","0","0","0","0","1"
"2026-09-06T21:18:39","Basic_Syntax","基础语法","File","Monitoring_And_Reports.md","Basic_Syntax/Monitoring_And_Reports.md","文件：Monitoring_And_Reports.md","False","False","0","0","0","1","0","1"
"2026-09-06T21:18:39","Basic_Syntax","基础语法","File","Motion_Modeling.md","Basic_Syntax/Motion_Modeling.md","文件：Motion_Modeling.md","False","False","0","0","0","1","0","1"
"2026-09-06T21:18:39","Basic_Syntax","基础语法","File","Multiphase_VOF_Setup.md","Basic_Syntax/Multiphase_VOF_Setup.md","文件：Multiphase_VOF_Setup.md","False","False","0","0","0","1","0","1"
"2026-09-06T21:18:39","Basic_Syntax","基础语法","File","ParalellView.java","Basic_Syntax/ParalellView.java","文件：ParalellView.java","False","False","1","0","0","0","0","1"
"2026-09-06T21:18:39","Basic_Syntax","基础语法","File","partMesh.java","Basic_Syntax/partMesh.java","get active simulation","False","False","1","0","0","0","0","1"
"2026-09-06T21:18:39","Basic_Syntax","基础语法","File","Physics_Model_Selection.md","Basic_Syntax/Physics_Model_Selection.md","文件：Physics_Model_Selection.md","False","False","0","0","0","1","0","1"
"2026-09-06T21:18:39","Basic_Syntax","基础语法","File","prismLayerThickness.java","Basic_Syntax/prismLayerThickness.java","文件：prismLayerThickness.java","False","False","1","0","0","0","0","1"
"2026-09-06T21:18:39","Basic_Syntax","基础语法","File","RecordHistory.java","Basic_Syntax/RecordHistory.java","文件：RecordHistory.java","False","False","1","0","0","0","0","1"
"2026-09-06T21:18:39","Basic_Syntax","基础语法","File","RecordMixing.java","Basic_Syntax/RecordMixing.java","文件：RecordMixing.java","False","False","1","0","0","0","0","1"
"2026-09-06T21:18:39","Basic_Syntax","基础语法","File","regionMesh.java","Basic_Syntax/regionMesh.java","get active simulation","False","False","1","0","0","0","0","1"
"2026-09-06T21:18:39","Basic_Syntax","基础语法","File","RST.java","Basic_Syntax/RST.java","文件：RST.java","False","False","1","0","0","0","0","1"
"2026-09-06T21:18:39","Basic_Syntax","基础语法","File","run.java","Basic_Syntax/run.java","get active simulation","False","False","1","0","0","0","0","1"
"2026-09-06T21:18:39","Basic_Syntax","基础语法","File","saveSolution.java","Basic_Syntax/saveSolution.java","文件：saveSolution.java","False","False","1","0","0","0","0","1"
"2026-09-06T21:18:39","Basic_Syntax","基础语法","File","ScalarChange.java","Basic_Syntax/ScalarChange.java","文件：ScalarChange.java","False","False","1","0","0","0","0","1"
"2026-09-06T21:18:39","Basic_Syntax","基础语法","File","Scenes_And_Visualization.md","Basic_Syntax/Scenes_And_Visualization.md","文件：Scenes_And_Visualization.md","False","False","0","0","0","1","0","1"
"2026-09-06T21:18:39","Basic_Syntax","基础语法","File","Set_Stop_Run.java","Basic_Syntax/Set_Stop_Run.java","Propeller parametric simulation","False","False","1","0","0","0","0","1"
"2026-09-06T21:18:39","Basic_Syntax","基础语法","File","SetAdaptiveTimeStep.java","Basic_Syntax/SetAdaptiveTimeStep.java","文件：SetAdaptiveTimeStep.java","False","False","1","0","0","0","0","1"
"2026-09-06T21:18:39","Basic_Syntax","基础语法","File","setAutoSave.java","Basic_Syntax/setAutoSave.java","文件：setAutoSave.java","False","False","1","0","0","0","0","1"
"2026-09-06T21:18:39","Basic_Syntax","基础语法","File","SetAutoSaveIteration.java","Basic_Syntax/SetAutoSaveIteration.java","文件：SetAutoSaveIteration.java","False","False","1","0","0","0","0","1"
"2026-09-06T21:18:39","Basic_Syntax","基础语法","File","setCubicLinear.java","Basic_Syntax/setCubicLinear.java","文件：setCubicLinear.java","False","False","1","0","0","0","0","1"
"2026-09-06T21:18:39","Basic_Syntax","基础语法","File","setCustomSurfaceSizeOnRefinementZone.java","Basic_Syntax/setCustomSurfaceSizeOnRefinementZone.java","文件：setCustomSurfaceSizeOnRefinementZone.java","False","False","1","0","0","0","0","1"
"2026-09-06T21:18:39","Basic_Syntax","基础语法","File","setFieldFunctionVariable.java","Basic_Syntax/setFieldFunctionVariable.java","文件：setFieldFunctionVariable.java","False","False","1","0","0","0","0","1"
"2026-09-06T21:18:39","Basic_Syntax","基础语法","File","SetInnerIterations.java","Basic_Syntax/SetInnerIterations.java","文件：SetInnerIterations.java","False","False","1","0","0","0","0","1"
"2026-09-06T21:18:39","Basic_Syntax","基础语法","File","SetLesCw.java","Basic_Syntax/SetLesCw.java","文件：SetLesCw.java","False","False","1","0","0","0","0","1"
"2026-09-06T21:18:39","Basic_Syntax","基础语法","File","SetOutletBackflowConcentration.java","Basic_Syntax/SetOutletBackflowConcentration.java","文件：SetOutletBackflowConcentration.java","False","False","1","0","0","0","0","1"
"2026-09-06T21:18:39","Basic_Syntax","基础语法","File","setPrimLayers.java","Basic_Syntax/setPrimLayers.java","文件：setPrimLayers.java","False","False","1","0","0","0","0","1"
"2026-09-06T21:18:39","Basic_Syntax","基础语法","File","SetRans.java","Basic_Syntax/SetRans.java","文件：SetRans.java","False","False","1","0","0","0","0","1"
"2026-09-06T21:18:39","Basic_Syntax","基础语法","File","setRotationOfRotor.java","Basic_Syntax/setRotationOfRotor.java","文件：setRotationOfRotor.java","False","False","1","0","0","0","0","1"
"2026-09-06T21:18:39","Basic_Syntax","基础语法","File","setSecondOrderTimestep.java","Basic_Syntax/setSecondOrderTimestep.java","文件：setSecondOrderTimestep.java","False","False","1","0","0","0","0","1"
"2026-09-06T21:18:39","Basic_Syntax","基础语法","File","setStoppingCriteria.java","Basic_Syntax/setStoppingCriteria.java","文件：setStoppingCriteria.java","False","False","1","0","0","0","0","1"
"2026-09-06T21:18:39","Basic_Syntax","基础语法","File","SetTimeStep.java","Basic_Syntax/SetTimeStep.java","文件：SetTimeStep.java","False","False","1","0","0","0","0","1"
"2026-09-06T21:18:39","Basic_Syntax","基础语法","File","SetVelocityMagInlet.java","Basic_Syntax/SetVelocityMagInlet.java","文件：SetVelocityMagInlet.java","False","False","1","0","0","0","0","1"
"2026-09-06T21:18:39","Basic_Syntax","基础语法","File","SimpleHexaMesher.java","Basic_Syntax/SimpleHexaMesher.java","Main code.","False","False","1","0","0","0","0","1"
"2026-09-06T21:18:39","Basic_Syntax","基础语法","File","SimpleSave.java","Basic_Syntax/SimpleSave.java","文件：SimpleSave.java","False","False","1","0","0","0","0","1"
"2026-09-06T21:18:39","Basic_Syntax","基础语法","File","Solution_Execution.md","Basic_Syntax/Solution_Execution.md","文件：Solution_Execution.md","False","False","0","0","0","1","0","1"
"2026-09-06T21:18:39","Basic_Syntax","基础语法","File","solutionInitialization.java","Basic_Syntax/solutionInitialization.java","文件：solutionInitialization.java","False","False","1","0","0","0","0","1"
"2026-09-06T21:18:39","Basic_Syntax","基础语法","File","Solver_Configuration.md","Basic_Syntax/Solver_Configuration.md","文件：Solver_Configuration.md","False","False","0","0","0","1","0","1"
"2026-09-06T21:18:39","Basic_Syntax","基础语法","File","STARCCM_API_Simple_Functions.md","Basic_Syntax/STARCCM_API_Simple_Functions.md","文件：STARCCM_API_Simple_Functions.md","False","False","0","0","0","1","0","1"
"2026-09-06T21:18:39","Basic_Syntax","基础语法","File","StartIterating.java","Basic_Syntax/StartIterating.java","文件：StartIterating.java","False","False","1","0","0","0","0","1"
"2026-09-06T21:18:39","Basic_Syntax","基础语法","File","SwitchToImplicitUnsteady.java","Basic_Syntax/SwitchToImplicitUnsteady.java","文件：SwitchToImplicitUnsteady.java","False","False","1","0","0","0","0","1"
"2026-09-06T21:18:39","Basic_Syntax","基础语法","File","Template.java","Basic_Syntax/Template.java","Propeller parametric simulation","False","False","1","0","0","0","0","1"
"2026-09-06T21:18:39","Basic_Syntax","基础语法","File","Turbulence_Initial_Conditions.md","Basic_Syntax/Turbulence_Initial_Conditions.md","文件：Turbulence_Initial_Conditions.md","False","False","0","0","0","1","0","1"
"2026-09-06T21:18:39","Basic_Syntax","基础语法","File","Utility_Patterns.md","Basic_Syntax/Utility_Patterns.md","文件：Utility_Patterns.md","False","False","0","0","0","1","0","1"
"2026-09-06T21:18:39","Basic_Syntax","基础语法","File","VeloctiyMagnitude2ElectricBoogaloo.java","Basic_Syntax/VeloctiyMagnitude2ElectricBoogaloo.java","文件：VeloctiyMagnitude2ElectricBoogaloo.java","False","False","1","0","0","0","0","1"
"2026-09-06T21:18:39","Basic_Syntax","基础语法","File","ViewsandPerspectives.java","Basic_Syntax/ViewsandPerspectives.java","文件：ViewsandPerspectives.java","False","False","1","0","0","0","0","1"
"2026-09-06T21:18:39","Basic_Syntax","基础语法","File","wrapMesh.java","Basic_Syntax/wrapMesh.java","Simple macro to generate a surface wrap, followed by a volume mesh in a case","False","False","1","0","0","0","0","1"
"2026-09-06T21:18:41","External_STARCCM_Runners","外部调用 STAR-CCM+","Directory","Batch_And_MultiCase","External_STARCCM_Runners/Batch_And_MultiCase","这是一个从外部生成 STAR-CCM+ 批处理命令并执行多阶段案例的参考项目。Python 驱动器负责组织网格阶段、求解阶段、许可证参数和 simulation 文件传递，Java 文件负责 STAR-CCM+ 内部宏或数据转换。","True","True","5","4","4","5","19","33"
"2026-09-06T21:18:41","External_STARCCM_Runners","外部调用 STAR-CCM+","Directory","CoSimulation_And_Cluster_Workflow","External_STARCCM_Runners/CoSimulation_And_Cluster_Workflow","该案例包含 STAR-CCM+ 与外部求解器、集群调度器或操作系统启动器之间的完整运行内容。","True","True","35","26","0","2","31","94"
"2026-09-06T21:18:41","External_STARCCM_Runners","外部调用 STAR-CCM+","Directory","Coupling","External_STARCCM_Runners/Coupling","这是一个 STAR-CCM+ User Library 与 MoorDyn 动态库耦合的完整参考项目。Java 宏加载 `test.so`，C/C++ 接口负责把 MoorDyn 功能编译为 STAR-CCM+ 可加载的用户库。","True","True","1","0","3","3","7","11"
"2026-09-06T21:18:41","External_STARCCM_Runners","外部调用 STAR-CCM+","Directory","External_Automation","External_STARCCM_Runners/External_Automation","这是一个 Python 外部驱动项目，用于发现 STAR-CCM+ 安装、探测版本并通过 `starccm+ -batch` 执行 Java 宏。","True","True","10","2","3","8","6","26"
"2026-09-06T21:18:41","External_STARCCM_Runners","外部调用 STAR-CCM+","Directory","HPC_Scheduler","External_STARCCM_Runners/HPC_Scheduler","这是一个使用 Slurm 调度器在 HPC 环境中运行 STAR-CCM+ 和 Design Manager 的参考项目。","True","True","2","0","6","7","3","12"
"2026-09-06T21:18:41","External_STARCCM_Runners","外部调用 STAR-CCM+","Directory","Optimate_Macro_Library","External_STARCCM_Runners/Optimate_Macro_Library","这是原始 `003_Project` 的完整 Optimate/STAR-CCM+ Java 宏库，包含设计研究宏、远程服务器连接、宏插入步骤和后处理代码。","True","True","68","0","3","2","6","76"
"2026-09-06T21:18:41","External_STARCCM_Runners","外部调用 STAR-CCM+","Directory","Result_Extraction","External_STARCCM_Runners/Result_Extraction","这是一个由 Python、MATLAB 和 Java 宏组成的外部结果提取项目，用于批量读取 STAR-CCM+ 报告、压力系数、翼载荷和场景数据，并生成 CSV 和图表。","True","True","6","4","3","3","10","23"
"2026-09-06T21:18:41","External_STARCCM_Runners","外部调用 STAR-CCM+","Directory","Tirion_STARCCM_Cluster_Framework","External_STARCCM_Runners/Tirion_STARCCM_Cluster_Framework","这是一个用于集群批处理的 STAR-CCM+ 运行框架。用户通过 `Launcher\tirion.py` 指定作业参数和 `.sim` 文件，框架生成 Slurm 作业脚本并启动 STAR-CCM+，再选择网格、完整运行或后处理宏。","True","True","4","3","0","2","0","9"
"2026-09-06T21:18:41","External_STARCCM_Runners","外部调用 STAR-CCM+","File","AGENTS.md","External_STARCCM_Runners/AGENTS.md","文件：AGENTS.md","False","False","0","0","0","1","0","1"
"2026-09-06T21:18:41","External_STARCCM_Runners","外部调用 STAR-CCM+","File","README.md","External_STARCCM_Runners/README.md","文件：README.md","False","False","0","0","0","1","0","1"
"2026-09-06T21:18:41","Shared_STARCCM_Libraries","共享 STAR-CCM+ 库","Directory","MacroUtils","Shared_STARCCM_Libraries/MacroUtils","MacroUtils is a collection of high-level APIs in order to make your life easier when writing Simcenter STAR-CCM+ JAVA macros.","True","False","106","30","1","8","16","160"
"2026-09-06T21:18:41","Shared_STARCCM_Libraries","共享 STAR-CCM+ 库","Directory","StarClasses_Helper_Library","Shared_STARCCM_Libraries/StarClasses_Helper_Library","本目录只包含同一个 STAR-CCM+ 案例或单一功能单元所需的 Java 宏。运行前请阅读 `AGENTS.md`，并检查 `Code` 中的入口类、执行顺序和文件内路径。","True","True","18","0","0","2","0","20"
"2026-09-06T21:18:41","Shared_STARCCM_Libraries","共享 STAR-CCM+ 库","File","AGENTS.md","Shared_STARCCM_Libraries/AGENTS.md","文件：AGENTS.md","False","False","0","0","0","1","0","1"
"2026-09-06T21:18:39","Standalone_STARCCM_Functions","STAR-CCM+ 内部宏功能","Directory","Add_Passive_Scalars","Standalone_STARCCM_Functions/Add_Passive_Scalars","本宏通过在 STAR-CCM+ 中执行 AddPassiveScalars.execute()，并调用 execute(), AddPassiveScalar(), getActiveSimulation(), getContinuumManager(), getContinuum(), getModelManager(), getModel(), getPassiveScalarManager() 操作 StarMacro、Simulation、PhysicsContinuum，实现在 simulation 对象树中创建、配置或分配目标对象，解决模型对象需要人工重复创建、配置或分配。","True","True","1","0","0","2","0","3"
"2026-09-06T21:18:40","Standalone_STARCCM_Functions","STAR-CCM+ 内部宏功能","Directory","Apply_Colormap_And_Run","Standalone_STARCCM_Functions/Apply_Colormap_And_Run","本宏通过在 STAR-CCM+ 中执行 Run.execute()，并调用 execute(), initMacro(), allDisplayers(), setRepresentation(), step(), saveSim(), getSimulation() 操作 StarMacro、Displayer、MacroUtils、UserDeclarations，实现按预设参数推进 simulation 的网格、初始化和求解过程，解决已有模型无法按固定顺序重复运行并保存结果。","True","True","1","0","0","2","0","3"
"2026-09-06T21:18:40","Standalone_STARCCM_Functions","STAR-CCM+ 内部宏功能","Directory","Assign_Parts_To_Region","Standalone_STARCCM_Functions/Assign_Parts_To_Region","本宏通过在 STAR-CCM+ 中执行 AssignPartsToRegion.execute()，并调用 execute(), execute0(), getActiveSimulation(), getRegionManager(), getRegion(), getPartGroup(), setQuery(), get() 操作 StarMacro、Simulation、Region、Boundary，实现在 simulation 对象树中创建、配置或分配目标对象，解决模型对象需要人工重复创建、配置或分配。","True","True","1","0","0","2","0","3"
"2026-09-06T21:18:40","Standalone_STARCCM_Functions","STAR-CCM+ 内部宏功能","Directory","Assign_Planes_To_Region","Standalone_STARCCM_Functions/Assign_Planes_To_Region","本宏通过在 STAR-CCM+ 中执行 AssignPlanesToRegion.execute()，并调用 execute(), execute0(), AssignPlanesToRegion(), getActiveSimulation(), getPartManager(), getObject(), getInputParts(), setQuery() 操作 StarMacro、Simulation、Plane、Region、Boundary，实现在 simulation 对象树中创建、配置或分配目标对象，解决模型对象需要人工重复创建、配置或分配。","True","True","1","0","0","2","0","3"
"2026-09-06T21:18:40","Standalone_STARCCM_Functions","STAR-CCM+ 内部宏功能","Directory","Backward_Facing_Step","Standalone_STARCCM_Functions/Backward_Facing_Step","本宏通过在 STAR-CCM+ 中执行 Demo3_Backward_Facing_Step.execute()，并调用 execute(), initMacro(), run(), saveSim(), all(), getActiveSimulation(), setPresentationName(), byREGEX() 操作 MacroUtils、UserDeclarations、StarMacro、Mesh、Material、Solver、Plot，实现在 STAR-CCM+ simulation 中执行该功能对应的对象配置和结果处理，解决该类 STAR-CCM+ 模型处理依赖重复手工操作。","True","True","1","0","0","2","0","3"
"2026-09-06T21:18:40","Standalone_STARCCM_Functions","STAR-CCM+ 内部宏功能","Directory","Batch_Set_Prop_Force_Report","Standalone_STARCCM_Functions/Batch_Set_Prop_Force_Report","本宏通过在 STAR-CCM+ 中执行 batch_set_prop_force_report.execute()，并调用 execute(), execute0(), getActiveSimulation(), getReportManager(), getReport(), getPartManager(), getObject(), createReport() 操作 StarMacro、Simulation，实现在 STAR-CCM+ simulation 中执行该功能对应的对象配置和结果处理，解决该类 STAR-CCM+ 模型处理依赖重复手工操作。","True","True","1","0","0","2","0","3"
"2026-09-06T21:18:40","Standalone_STARCCM_Functions","STAR-CCM+ 内部宏功能","Directory","Batch_Set_Sections","Standalone_STARCCM_Functions/Batch_Set_Sections","本宏通过在 STAR-CCM+ 中执行 batch_set_sections.execute()，并调用 execute(), execute0(), getActiveSimulation(), getPartManager(), getObject(), createImplicitPart(), setPresentationName(), getUnitsManager() 操作 StarMacro、Simulation、Units，实现在 STAR-CCM+ simulation 中执行该功能对应的对象配置和结果处理，解决该类 STAR-CCM+ 模型处理依赖重复手工操作。","True","True","1","0","0","2","0","3"
"2026-09-06T21:18:40","Standalone_STARCCM_Functions","STAR-CCM+ 内部宏功能","Directory","Change_Function","Standalone_STARCCM_Functions/Change_Function","本宏通过在 STAR-CCM+ 中执行 ChangeFunction.execute()，并调用 execute(), execute0(), getActiveSimulation(), getSceneManager(), getScene(), getDisplayerManager(), getObject(), getFieldFunctionManager() 操作 StarMacro、Simulation、Scene、CurrentView，实现在 STAR-CCM+ simulation 中执行该功能对应的对象配置和结果处理，解决该类 STAR-CCM+ 模型处理依赖重复手工操作。","True","True","1","0","0","2","0","3"
"2026-09-06T21:18:40","Standalone_STARCCM_Functions","STAR-CCM+ 内部宏功能","Directory","Clean_Up","Standalone_STARCCM_Functions/Clean_Up","本宏通过在 STAR-CCM+ 中执行 CleanUp.execute()，并调用 execute(), execute0(), getActiveSimulation(), get(), getObject(), remove(), getSceneManager(), getScene() 操作 StarMacro、Simulation、Scene、SceneUpdate、HardcopyProperties，实现在 STAR-CCM+ simulation 中执行该功能对应的对象配置和结果处理，解决该类 STAR-CCM+ 模型处理依赖重复手工操作。","True","True","1","0","0","2","0","3"
"2026-09-06T21:18:40","Standalone_STARCCM_Functions","STAR-CCM+ 内部宏功能","Directory","Colormaps","Standalone_STARCCM_Functions/Colormaps","本宏通过在 STAR-CCM+ 中执行 Demo10_Colormaps.execute()，并调用 execute(), getActiveSimulation(), cameraView(), addColormaps(), saveSim(), all(), add(), clear() 操作 MacroUtils、UserDeclarations、StarMacro，实现配置场景、视图和可视化对象以生成可检查的结果，解决场景显示和可视化输出依赖重复手工设置。","True","True","1","0","0","2","0","3"
"2026-09-06T21:18:40","Standalone_STARCCM_Functions","STAR-CCM+ 内部宏功能","Directory","Conduction_In_A_Channel","Standalone_STARCCM_Functions/Conduction_In_A_Channel","本宏通过在 STAR-CCM+ 中执行 Demo2_Conduction_In_a_Channel.execute()，并调用 execute(), initMacro(), run(), saveSim(), all(), getActiveSimulation(), cameraView(), setPresentationName() 操作 MacroUtils、UserDeclarations、StarMacro、Scene、Mesh、Material、Solver、Plot，实现在 STAR-CCM+ simulation 中执行该功能对应的对象配置和结果处理，解决该类 STAR-CCM+ 模型处理依赖重复手工操作。","True","True","1","0","0","2","0","3"
"2026-09-06T21:18:40","Standalone_STARCCM_Functions","STAR-CCM+ 内部宏功能","Directory","Configure_Scene_Without_Outline","Standalone_STARCCM_Functions/Configure_Scene_Without_Outline","本宏通过在 STAR-CCM+ 中执行 NoLinesPlox.execute()，并调用 execute(), execute0(), getActiveSimulation(), getSceneManager(), createScalarScene(), getScene(), initializeAndWait(), getDisplayerManager() 操作 StarMacro、Simulation、Scene、Legend、SceneUpdate、HardcopyProperties，实现配置场景、视图和可视化对象以生成可检查的结果，解决场景显示和可视化输出依赖重复手工设置。","True","True","1","0","0","2","0","3"
"2026-09-06T21:18:40","Standalone_STARCCM_Functions","STAR-CCM+ 内部宏功能","Directory","Couette_Cell","Standalone_STARCCM_Functions/Couette_Cell","本宏通过在 STAR-CCM+ 中执行 CouetteCell.execute()，并调用 execute(), getActiveSimulation(), getSessionDir(), setCalculatedProperties(), CreateGlobalParameters(), CreateGeometry(), CreatePhysics(), CreateRegion() 操作 StarMacro、Units、Mesh、Simulation、PhysicsContinuum、Monitor、FvRepresentation、UserFieldFunction，实现按案例参数组织几何、物理、网格、求解和后处理步骤，解决该类 STAR-CCM+ 模型处理依赖重复手工操作。","True","True","1","0","0","2","0","3"
"2026-09-06T21:18:40","Standalone_STARCCM_Functions","STAR-CCM+ 内部宏功能","Directory","Couette_Mixing_Study","Standalone_STARCCM_Functions/Couette_Mixing_Study","本宏通过在 STAR-CCM+ 中执行 CouetteMixingStudy.execute()，并调用 execute(), getActiveSimulation(), getSessionDir(), StartMixingSimulation(), StartFlowSimulation(), SetAutoSave(), InitializeSolution(), ResetScenesAndTablesOnRemesh() 操作 Simulation、StarMacro、Units、Mesh、Monitor、PhysicsContinuum、FvRepresentation、Region，实现按案例参数组织几何、物理、网格、求解和后处理步骤，解决该类 STAR-CCM+ 模型处理依赖重复手工操作。","True","True","1","0","0","2","0","3"
"2026-09-06T21:18:40","Standalone_STARCCM_Functions","STAR-CCM+ 内部宏功能","Directory","Couette_Mixing_Study_LES","Standalone_STARCCM_Functions/Couette_Mixing_Study_LES","本宏通过在 STAR-CCM+ 中执行 CouetteMixingStudyLes.execute()，并调用 execute(), getActiveSimulation(), getSessionDir(), StartMixingSimulation(), RunTime(), getActiveRootObject(), resolvePath(), StartFlowSimulation() 操作 Simulation、StarMacro、Units、Mesh、Monitor、PhysicsContinuum、FvRepresentation、Region，实现按案例参数组织几何、物理、网格、求解和后处理步骤，解决该类 STAR-CCM+ 模型处理依赖重复手工操作。","True","True","1","0","0","2","0","3"
"2026-09-06T21:18:40","Standalone_STARCCM_Functions","STAR-CCM+ 内部宏功能","Directory","Couette_Mixing_Study_RST","Standalone_STARCCM_Functions/Couette_Mixing_Study_RST","本宏通过在 STAR-CCM+ 中执行 CouetteMixingStudyRst.execute()，并调用 execute(), getActiveSimulation(), getSessionDir(), StartMixingSimulation(), getActiveRootObject(), resolvePath(), RunTime(), StartFlowSimulation() 操作 Simulation、StarMacro、Units、Mesh、Monitor、PhysicsContinuum、FvRepresentation、Region，实现按案例参数组织几何、物理、网格、求解和后处理步骤，解决该类 STAR-CCM+ 模型处理依赖重复手工操作。","True","True","1","0","0","2","0","3"
"2026-09-06T21:18:40","Standalone_STARCCM_Functions","STAR-CCM+ 内部宏功能","Directory","Couette_Reactive_Study_RST","Standalone_STARCCM_Functions/Couette_Reactive_Study_RST","本宏通过在 STAR-CCM+ 中执行 CouetteReactiveStudyRst.execute()，并调用 execute(), getActiveSimulation(), getSessionDir(), StartRstReactiveSimulation(), setTimeStep(), EnableAdaptiveTimeStepping(), enableSecondOrderTimestep(), setInnerIterationCount() 操作 Simulation、StarMacro、Units、Mesh、PhysicsContinuum、FieldFunction、Region、Boundary，实现按案例参数组织几何、物理、网格、求解和后处理步骤，解决该类 STAR-CCM+ 模型处理依赖重复手工操作。","True","True","1","0","0","2","0","3"
"2026-09-06T21:18:40","Standalone_STARCCM_Functions","STAR-CCM+ 内部宏功能","Directory","Create_Export_Table","Standalone_STARCCM_Functions/Create_Export_Table","本宏通过在 STAR-CCM+ 中执行 CreateExportTable.execute()，并调用 execute(), createExportTable(), getActiveSimulation(), getTableManager(), createTable(), setExtractVertexData(), getParts(), setQuery() 操作 StarMacro、Simulation、Plane，实现在 simulation 对象树中创建、配置或分配目标对象，解决模型对象需要人工重复创建、配置或分配。","True","True","1","0","0","2","0","3"
"2026-09-06T21:18:40","Standalone_STARCCM_Functions","STAR-CCM+ 内部宏功能","Directory","Create_FFT","Standalone_STARCCM_Functions/Create_FFT","本宏通过在 STAR-CCM+ 中执行 CreateFFT.execute()，并调用 execute(), execute0(), getActiveSimulation(), get(), getObject(), createRecordedSolutionView(), createLineTimeHistoryDataSetFunction(), createProbeTimeHistoryImportedModelDerivedData() 操作 StarMacro、Simulation、Probe、Plane，实现在 simulation 对象树中创建、配置或分配目标对象，解决模型对象需要人工重复创建、配置或分配。","True","True","1","0","0","2","0","3"
"2026-09-06T21:18:40","Standalone_STARCCM_Functions","STAR-CCM+ 内部宏功能","Directory","Create_Inlet_Vel","Standalone_STARCCM_Functions/Create_Inlet_Vel","本宏通过在 STAR-CCM+ 中执行 CreateInletVel.execute()，并调用 execute(), execute0(), CreateInletVelocityParameter(), getActiveSimulation(), get(), createGlobalParameter(), getObject(), setPresentationName() 操作 StarMacro、Simulation、Units、Region、Boundary，实现在 simulation 对象树中创建、配置或分配目标对象，解决模型对象需要人工重复创建、配置或分配。","True","True","1","0","0","2","0","3"
"2026-09-06T21:18:40","Standalone_STARCCM_Functions","STAR-CCM+ 内部宏功能","Directory","Create_Line_Probes","Standalone_STARCCM_Functions/Create_Line_Probes","本宏通过在 STAR-CCM+ 中执行 createLineProbes.execute()，并调用 execute(), getActiveSimulation(), getUnitsManager(), getPreferredUnits(), getSceneManager(), getScene(), getCreatorDisplayer(), getRepresentationManager() 操作 StarMacro、Simulation、Units、Scene、FvRepresentation、Mesh、Region、PartManager，实现在 simulation 对象树中创建、配置或分配目标对象，解决模型对象需要人工重复创建、配置或分配。","True","True","1","0","0","2","0","3"
"2026-09-06T21:18:40","Standalone_STARCCM_Functions","STAR-CCM+ 内部宏功能","Directory","Create_New_Physics_LES","Standalone_STARCCM_Functions/Create_New_Physics_LES","本宏通过在 STAR-CCM+ 中执行 CreateNewPhysicsLes.execute()，并调用 execute(), CreatePhysics(), getActiveSimulation(), getContinuumManager(), createContinuum(), enable(), getModelManager(), getModel() 操作 StarMacro、Simulation、PhysicsContinuum，实现在 simulation 对象树中创建、配置或分配目标对象，解决模型对象需要人工重复创建、配置或分配。","True","True","1","0","0","2","0","3"
"2026-09-06T21:18:40","Standalone_STARCCM_Functions","STAR-CCM+ 内部宏功能","Directory","Create_Refinement_Zone","Standalone_STARCCM_Functions/Create_Refinement_Zone","本宏通过在 STAR-CCM+ 中执行 createRefinementZone.execute()，并调用 execute(), CreateVerticalRefinementZone(), getActiveSimulation(), getUnitsManager(), getPreferredUnits(), get(), createNewBlockPart(), setDoNotRetessellate() 操作 StarMacro、Simulation、Units、AutoMeshOperation、MeshOperationManager、Mesh，实现在 simulation 对象树中创建、配置或分配目标对象，解决模型对象需要人工重复创建、配置或分配。","True","True","1","0","0","2","0","3"
"2026-09-06T21:18:40","Standalone_STARCCM_Functions","STAR-CCM+ 内部宏功能","Directory","Create_Reports","Standalone_STARCCM_Functions/Create_Reports","本宏通过在 STAR-CCM+ 中执行 CreateReports.execute()，并调用 execute(), execute0(), CreateReportsAndPlots(), getActiveSimulation(), getReportManager(), createReport(), setPresentationName(), getParts() 操作 StarMacro、Simulation、Region、Boundary、UserFieldFunction、MonitorPlot、Monitor、Plot，实现在 simulation 对象树中创建、配置或分配目标对象，解决模型对象需要人工重复创建、配置或分配。","True","True","1","0","0","2","0","3"
"2026-09-06T21:18:40","Standalone_STARCCM_Functions","STAR-CCM+ 内部宏功能","Directory","Create_Scene_For_Tracing","Standalone_STARCCM_Functions/Create_Scene_For_Tracing","本宏通过在 STAR-CCM+ 中执行 CreateSceneForTracing.execute()，并调用 execute(), execute0(), getActiveSimulation(), getSceneManager(), createScalarScene(), getScene(), initializeAndWait(), getDisplayerManager() 操作 StarMacro、Simulation、Scene、Legend、SceneUpdate、HardcopyProperties、Plane、CurrentView，实现在 simulation 对象树中创建、配置或分配目标对象，解决模型对象需要人工重复创建、配置或分配。","True","True","1","0","0","2","0","3"
"2026-09-06T21:18:40","Standalone_STARCCM_Functions","STAR-CCM+ 内部宏功能","Directory","Delete_Objects","Standalone_STARCCM_Functions/Delete_Objects","本宏通过在 STAR-CCM+ 中执行 deleteObjects.execute()，并调用 execute(), deleteObjects(), getActiveSimulation(), getSceneManager(), getObjects(), getPresentationName(), deleteScene(), deleteScenes() 操作 StarMacro、Simulation、Scene、Continuum、MeshOperationManager、MeshOperation，实现在 STAR-CCM+ simulation 中执行该功能对应的对象配置和结果处理，解决该类 STAR-CCM+ 模型处理依赖重复手工操作。","True","True","1","0","0","2","0","3"
"2026-09-06T21:18:40","Standalone_STARCCM_Functions","STAR-CCM+ 内部宏功能","Directory","DFBI_Boats","Standalone_STARCCM_Functions/DFBI_Boats","本宏通过在 STAR-CCM+ 中执行 DFBI_Boats.execute()，并调用 execute(), rollResistance(), run(), initMacro(), physics(), mesh(), monitors(), post() 操作 StarMacro、MacroUtils、Material、Solver、Part、Mesh、UserDeclarations，实现按案例参数组织几何、物理、网格、求解和后处理步骤，解决该类 STAR-CCM+ 模型处理依赖重复手工操作。","True","True","1","0","0","2","0","3"
"2026-09-06T21:18:40","Standalone_STARCCM_Functions","STAR-CCM+ 内部宏功能","Directory","Directed_Meshing","Standalone_STARCCM_Functions/Directed_Meshing","本宏通过在 STAR-CCM+ 中执行 Demo11_Directed_Meshing.execute()，并调用 execute(), initMacro(), post(), saveSim(), all(), getActiveSimulation(), add(), setPresentationName() 操作 MacroUtils、UserDeclarations、Simulation、StarMacro、AutoMeshOperation、Mesh、Region，实现配置并执行几何或网格处理流程，解决网格流程依赖重复的界面操作且容易漏设。","True","True","1","0","0","2","0","3"
"2026-09-06T21:18:40","Standalone_STARCCM_Functions","STAR-CCM+ 内部宏功能","Directory","Excel","Standalone_STARCCM_Functions/Excel","本宏通过在 STAR-CCM+ 中执行 excel.execute()，并调用 execute(), execute0(), getActiveSimulation(), getSessionDir(), createSheet(), createRow(), createCell(), setCellValue() 操作 StarMacro、Simulation，实现读取或转换外部数据并写入 simulation 设置，解决该类 STAR-CCM+ 模型处理依赖重复手工操作。","True","True","1","0","0","2","0","3"
"2026-09-06T21:18:40","Standalone_STARCCM_Functions","STAR-CCM+ 内部宏功能","Directory","Export_Inst_Shear_Stress_Scene","Standalone_STARCCM_Functions/Export_Inst_Shear_Stress_Scene","本宏通过在 STAR-CCM+ 中执行 ExportInstShearStressScene.execute()，并调用 execute(), getActiveSimulation(), createShearStressScene(), createEmptyScalarScene(), getScene(), createSubFolder(), getDisplayerManager(), getDisplayer() 操作 StarMacro、Simulation、Scene、Legend、FieldFunction、Displayer、Region、Boundary，实现将 simulation 中的结果或监视数据整理并导出为可复用文件，解决结果文件和监视数据需要人工整理。","True","True","1","0","0","2","0","3"
"2026-09-06T21:18:40","Standalone_STARCCM_Functions","STAR-CCM+ 内部宏功能","Directory","Export_Inst_Velocity","Standalone_STARCCM_Functions/Export_Inst_Velocity","本宏通过在 STAR-CCM+ 中执行 ExportInstVelocity.execute()，并调用 execute(), getActiveSimulation(), createVelocityVectorScene(), createEmptyVectorScene(), getScene(), createSubFolder(), getDisplayerManager(), getDisplayer() 操作 StarMacro、Simulation、Scene、Plane、Legend、FieldFunction、Displayer、Region，实现将 simulation 中的结果或监视数据整理并导出为可复用文件，解决结果文件和监视数据需要人工整理。","True","True","1","0","0","2","0","3"
"2026-09-06T21:18:40","Standalone_STARCCM_Functions","STAR-CCM+ 内部宏功能","Directory","Export_Mean_Velocity","Standalone_STARCCM_Functions/Export_Mean_Velocity","本宏通过在 STAR-CCM+ 中执行 ExportMeanVelocity.execute()，并调用 execute(), getActiveSimulation(), Builder(), build(), createVectorFieldFunction(), createVelocityVectorScene(), createEmptyVectorScene(), getScene() 操作 StarMacro、Simulation、Scene、Plane、UserFieldFunction、Legend、FieldFunction、Displayer，实现将 simulation 中的结果或监视数据整理并导出为可复用文件，解决结果文件和监视数据需要人工整理。","True","True","1","0","0","2","0","3"
"2026-09-06T21:18:40","Standalone_STARCCM_Functions","STAR-CCM+ 内部宏功能","Directory","Export_Monitors","Standalone_STARCCM_Functions/Export_Monitors","本宏通过在 STAR-CCM+ 中执行 ExportMonitors.execute()，并调用 execute(), ExportAllMonitors(), getActiveSimulation(), getSessionDir(), createDirectories(), get(), getMonitorManager(), getMonitors() 操作 StarMacro、Simulation、Monitor，实现将 simulation 中的结果或监视数据整理并导出为可复用文件，解决结果文件和监视数据需要人工整理。","True","True","1","0","0","2","0","3"
"2026-09-06T21:18:40","Standalone_STARCCM_Functions","STAR-CCM+ 内部宏功能","Directory","Export_Plots_Scenes","Standalone_STARCCM_Functions/Export_Plots_Scenes","本宏通过在 STAR-CCM+ 中执行 ExportPlotsScenes.execute()，并调用 execute(), execute0(), getActiveSimulation(), setFileSelectionMode(), getSelectedFile(), getPath(), getProperty(), getPlotManager() 操作 StarMacro、Simulation、Scene、Displayer，实现将 simulation 中的结果或监视数据整理并导出为可复用文件，解决结果文件和监视数据需要人工整理。","True","True","1","0","0","2","0","3"
"2026-09-06T21:18:40","Standalone_STARCCM_Functions","STAR-CCM+ 内部宏功能","Directory","Export_Pressure_Coefficient_3D_Scenes","Standalone_STARCCM_Functions/Export_Pressure_Coefficient_3D_Scenes","本宏通过在 STAR-CCM+ 中执行 PCoeff_3D_Scene.execute()，并调用 execute(), getActiveSimulation(), initMacro(), createAndExportScenes(), getSimulation(), getFieldFunctionManager(), getFunction(), getReferenceVelocity() 操作 StarMacro、Simulation、MacroUtils、UserDeclarations，实现将 simulation 中的结果或监视数据整理并导出为可复用文件，解决结果文件和监视数据需要人工整理。","True","True","1","0","0","2","0","3"
"2026-09-06T21:18:40","Standalone_STARCCM_Functions","STAR-CCM+ 内部宏功能","Directory","Export_Shear_Stress_Scene","Standalone_STARCCM_Functions/Export_Shear_Stress_Scene","本宏通过在 STAR-CCM+ 中执行 ExportShearStressScene.execute()，并调用 execute(), getActiveSimulation(), createShearStressScene(), createEmptyScalarScene(), getScene(), createSubFolder(), getDisplayerManager(), getDisplayer() 操作 StarMacro、Simulation、Scene、Legend、FieldFunction、Displayer、Region、Boundary，实现将 simulation 中的结果或监视数据整理并导出为可复用文件，解决结果文件和监视数据需要人工整理。","True","True","1","0","0","2","0","3"
"2026-09-06T21:18:40","Standalone_STARCCM_Functions","STAR-CCM+ 内部宏功能","Directory","Export_TKE","Standalone_STARCCM_Functions/Export_TKE","本宏通过在 STAR-CCM+ 中执行 ExportTKE.execute()，并调用 execute(), getActiveSimulation(), getSessionDir(), Builder(), build(), createTKEScene(), createEmptyScalarScene(), getScene() 操作 StarMacro、Simulation、Scene、Plane、UserFieldFunction、Legend、FieldFunction、Displayer，实现将 simulation 中的结果或监视数据整理并导出为可复用文件，解决结果文件和监视数据需要人工整理。","True","True","1","0","0","2","0","3"
"2026-09-06T21:18:40","Standalone_STARCCM_Functions","STAR-CCM+ 内部宏功能","Directory","Export_Values_With_Monitor","Standalone_STARCCM_Functions/Export_Values_With_Monitor","本宏通过在 STAR-CCM+ 中执行 exportValuesWithMonitor.execute()，并调用 execute(), exportValue(), getActiveSimulation(), getPresentationName(), resolvePath(), getSimulationIterator(), run(), getPlotManager() 操作 StarMacro、Simulation、Report、MonitorPlot、Plot、Monitor，实现将 simulation 中的结果或监视数据整理并导出为可复用文件，解决结果文件和监视数据需要人工整理。","True","True","1","0","0","2","0","3"
"2026-09-06T21:18:40","Standalone_STARCCM_Functions","STAR-CCM+ 内部宏功能","Directory","Export_Values_With_Report","Standalone_STARCCM_Functions/Export_Values_With_Report","本宏通过在 STAR-CCM+ 中执行 exportValuesWithReport.execute()，并调用 execute(), exportValue(), getActiveSimulation(), getPresentationName(), resolvePath(), getSimulationIterator(), run(), getReportManager() 操作 Report、StarMacro、Simulation，实现将 simulation 中的结果或监视数据整理并导出为可复用文件，解决结果文件和监视数据需要人工整理。","True","True","1","0","0","2","0","3"
"2026-09-06T21:18:40","Standalone_STARCCM_Functions","STAR-CCM+ 内部宏功能","Directory","Export_Velocity","Standalone_STARCCM_Functions/Export_Velocity","本宏通过在 STAR-CCM+ 中执行 ExportVelocity.execute()，并调用 execute(), getActiveSimulation(), createVelocityVectorScene(), runTime(), createEmptyVectorScene(), getScene(), createSubFolder(), getDisplayerManager() 操作 StarMacro、Simulation、Scene、Legend、FieldFunction、Displayer、Plane、CurrentView，实现将 simulation 中的结果或监视数据整理并导出为可复用文件，解决结果文件和监视数据需要人工整理。","True","True","1","0","0","2","0","3"
"2026-09-06T21:18:40","Standalone_STARCCM_Functions","STAR-CCM+ 内部宏功能","Directory","Export_Vis_Scenes","Standalone_STARCCM_Functions/Export_Vis_Scenes","本宏通过在 STAR-CCM+ 中执行 ExportVisScenes.execute()，并调用 execute(), getActiveSimulation(), initMacro(), createAndExportScenes(), saveSim(), getSimulation(), getPresentationName(), getFieldFunctionManager() 操作 StarMacro、Simulation、MacroUtils、Units、UserDeclarations，实现将 simulation 中的结果或监视数据整理并导出为可复用文件，解决结果文件和监视数据需要人工整理。","True","True","1","0","0","2","0","3"
"2026-09-06T21:18:40","Standalone_STARCCM_Functions","STAR-CCM+ 内部宏功能","Directory","Exporter_V2","Standalone_STARCCM_Functions/Exporter_V2","本宏通过在 STAR-CCM+ 中执行 ExporterV2.execute()，并调用 execute(), getActiveSimulation(), getProperty(), getSessionDir(), getPresentationName(), getAbsolutePath(), getPlots(), createScenes() 操作 StarMacro、Simulation、Scene、Units、FieldFunction、CurrentView、Plot、CoordinateSystem，实现将 simulation 中的结果或监视数据整理并导出为可复用文件，解决结果文件和监视数据需要人工整理。","True","True","1","0","0","2","0","3"
"2026-09-06T21:18:40","Standalone_STARCCM_Functions","STAR-CCM+ 内部宏功能","Directory","Flat_Plate_40mil_LES","Standalone_STARCCM_Functions/Flat_Plate_40mil_LES","本宏通过在 STAR-CCM+ 中执行 FlatPlate_40mil_LES.execute()，并调用 execute(), getActiveSimulation(), readGeometryData(), getGeoDetails(), getPlateLength(), getPlateHeight(), getPlateWidth(), getSmallChannelHeight() 操作 FieldFunction、PhysicsContinuum、Simulation、StarMacro、Scene，实现按案例参数组织几何、物理、网格、求解和后处理步骤，解决该类 STAR-CCM+ 模型处理依赖重复手工操作。","True","True","1","0","0","2","0","3"
"2026-09-06T21:18:40","Standalone_STARCCM_Functions","STAR-CCM+ 内部宏功能","Directory","Flat_Plate_With_Boxes","Standalone_STARCCM_Functions/Flat_Plate_With_Boxes","本宏通过在 STAR-CCM+ 中执行 FlatPlateWithBoxes.execute()，并调用 execute(), getActiveSimulation(), readGeometryData(), getGeoDetails(), getPlateLength(), getPlateHeight(), getPlateWidth(), getSmallChannelHeight() 操作 FieldFunction、PhysicsContinuum、Simulation、StarMacro、Scene，实现按案例参数组织几何、物理、网格、求解和后处理步骤，解决该类 STAR-CCM+ 模型处理依赖重复手工操作。","True","True","1","0","0","2","0","3"
"2026-09-06T21:18:40","Standalone_STARCCM_Functions","STAR-CCM+ 内部宏功能","Directory","Flow_In_A_Pipe","Standalone_STARCCM_Functions/Flow_In_A_Pipe","本宏通过在 STAR-CCM+ 中执行 Demo1_Flow_In_a_Pipe.execute()，并调用 execute(), initMacro(), run(), saveSim(), all(), getActiveSimulation(), cameraView(), byREGEX() 操作 MacroUtils、UserDeclarations、StarMacro、Mesh、Material、Solver、Plot，实现按案例参数组织几何、物理、网格、求解和后处理步骤，解决该类 STAR-CCM+ 模型处理依赖重复手工操作。","True","True","1","0","0","2","0","3"
"2026-09-06T21:18:40","Standalone_STARCCM_Functions","STAR-CCM+ 内部宏功能","Directory","Fluid_Flow_Workflow","Standalone_STARCCM_Functions/Fluid_Flow_Workflow","这是一个由多个宏步骤组成的同一流动案例。通常按文件名中的步骤顺序运行；每个宏都应在同一个 STAR-CCM+ simulation 中执行。先检查输入文件和模型对象名称，再运行下一步。","True","True","9","0","1","2","1","12"
"2026-09-06T21:18:40","Standalone_STARCCM_Functions","STAR-CCM+ 内部宏功能","Directory","Fury4_Propeller_Gearcase_Study","Standalone_STARCCM_Functions/Fury4_Propeller_Gearcase_Study","本宏通过在 STAR-CCM+ 中执行 fury4_bottomLeft.execute()，并调用 execute(), execute0(), getActiveSimulation(), getSolution(), getUnitsManager(), getObject(), getContinuumManager(), getContinuum() 操作 StarMacro、Simulation、Units、PhysicsContinuum、MeshOperationManager、Region、Boundary、MonitorPlot，实现按案例参数组织几何、物理、网格、求解和后处理步骤，解决该类 STAR-CCM+ 模型处理依赖重复手工操作。","True","True","1","0","0","2","0","3"
"2026-09-06T21:18:40","Standalone_STARCCM_Functions","STAR-CCM+ 内部宏功能","Directory","GCI","Standalone_STARCCM_Functions/GCI","本宏通过在 STAR-CCM+ 中执行 Demo14_GCI.execute()，并调用 execute(), initMacro(), saveSim(), all(), byREGEX(), getSideA(), getSideB(), getActiveSimulation() 操作 MacroUtils、UserDeclarations、FieldFunction、StarMacro、Mesh、Material、Solver、Plot，实现按案例参数组织几何、物理、网格、求解和后处理步骤，解决该类 STAR-CCM+ 模型处理依赖重复手工操作。","True","True","1","0","0","2","0","3"
"2026-09-06T21:18:40","Standalone_STARCCM_Functions","STAR-CCM+ 内部宏功能","Directory","Gearcase","Standalone_STARCCM_Functions/Gearcase","本宏通过在 STAR-CCM+ 中执行 Gearcase.execute()，并调用 execute(), initMacro(), setSpeed(), setHeight(), setTrim(), setCsys(), run(), exportScene() 操作 Displayer、StarMacro、Simulation、MacroUtils、MeshOperationManager、MonitorPlot、Scene、UserDeclarations，实现按案例参数组织几何、物理、网格、求解和后处理步骤，解决该类 STAR-CCM+ 模型处理依赖重复手工操作。","True","True","1","0","0","2","0","3"
"2026-09-06T21:18:40","Standalone_STARCCM_Functions","STAR-CCM+ 内部宏功能","Directory","Half_Wing","Standalone_STARCCM_Functions/Half_Wing","本宏通过在 STAR-CCM+ 中执行 Demo8_Half_Wing.execute()，并调用 execute(), initMacro(), all(), run(), saveSim(), getWingBoundaries(), allByREGEX(), getActiveSimulation() 操作 MacroUtils、UserDeclarations、Simulation、StarMacro、Mesh、Part、Region、Solver，实现按案例参数组织几何、物理、网格、求解和后处理步骤，解决该类 STAR-CCM+ 模型处理依赖重复手工操作。","True","True","1","0","0","2","0","3"
"2026-09-06T21:18:40","Standalone_STARCCM_Functions","STAR-CCM+ 内部宏功能","Directory","ITC_Propeller_RPM_Sweep","Standalone_STARCCM_Functions/ITC_Propeller_RPM_Sweep","本宏通过在 STAR-CCM+ 中执行 Itc_Props.execute()，并调用 execute(), getSimulation(), mesh(), allDisplayers(), setRepresentation(), saveSim(), byREGEX(), getValues() 操作 StarMacro、MacroUtils、Displayer、MonitorPlot、UserDeclarations，实现按案例参数组织几何、物理、网格、求解和后处理步骤，解决该类 STAR-CCM+ 模型处理依赖重复手工操作。","True","True","1","0","0","2","0","3"
"2026-09-06T21:18:40","Standalone_STARCCM_Functions","STAR-CCM+ 内部宏功能","Directory","JPO_Boat_Para_Free_Surf","Standalone_STARCCM_Functions/JPO_Boat_Para_Free_Surf","本宏通过在 STAR-CCM+ 中执行 Jpo_Boat_Para_freeSurf.execute()，并调用 execute(), initMacro(), rollResistance(), run(), post(), getSimulation(), getActiveSimulation(), physicsContinua() 操作 StarMacro、MacroUtils、MeshOperationManager、Displayer、UserDeclarations，实现按案例参数组织几何、物理、网格、求解和后处理步骤，解决该类 STAR-CCM+ 模型处理依赖重复手工操作。","True","True","1","0","0","2","0","3"
"2026-09-06T21:18:40","Standalone_STARCCM_Functions","STAR-CCM+ 内部宏功能","Directory","JPO_Boat_Para_Single_Phase","Standalone_STARCCM_Functions/JPO_Boat_Para_Single_Phase","本宏通过在 STAR-CCM+ 中执行 Jpo_Boat_Para_SinglePhase.execute()，并调用 execute(), initMacro(), post(), getSimulation(), getActiveSimulation(), plots(), byREGEX(), picture() 操作 StarMacro、MacroUtils、UserDeclarations，实现按案例参数组织几何、物理、网格、求解和后处理步骤，解决该类 STAR-CCM+ 模型处理依赖重复手工操作。","True","True","1","0","0","2","0","3"
"2026-09-06T21:18:40","Standalone_STARCCM_Functions","STAR-CCM+ 内部宏功能","Directory","JPO_Boat_Para_Single_Phase_Front_Area","Standalone_STARCCM_Functions/JPO_Boat_Para_Single_Phase_Front_Area","本宏通过在 STAR-CCM+ 中执行 Jpo_Boat_Para_SinglePhase_FrontArea.execute()，并调用 execute(), getSimulation(), getSessionDir(), initMacro(), post(), byREGEX(), getNormalCoordinate(), setCoordinate() 操作 StarMacro、Simulation、MacroUtils、UserDeclarations，实现按案例参数组织几何、物理、网格、求解和后处理步骤，解决该类 STAR-CCM+ 模型处理依赖重复手工操作。","True","True","1","0","0","2","0","3"
"2026-09-06T21:18:40","Standalone_STARCCM_Functions","STAR-CCM+ 内部宏功能","Directory","JPO_Boat_Para_Single_Phase_Stiffness","Standalone_STARCCM_Functions/JPO_Boat_Para_Single_Phase_Stiffness","本宏通过在 STAR-CCM+ 中执行 Jpo_Boat_Para_SinglePhase_Stiffness.execute()，并调用 execute(), initMacro(), rollResistance(), run(), post(), getSimulation(), getActiveSimulation(), byREGEX() 操作 StarMacro、MacroUtils、MeshOperationManager、Displayer、Scene、UserDeclarations，实现按案例参数组织几何、物理、网格、求解和后处理步骤，解决该类 STAR-CCM+ 模型处理依赖重复手工操作。","True","True","1","0","0","2","0","3"
"2026-09-06T21:18:40","Standalone_STARCCM_Functions","STAR-CCM+ 内部宏功能","Directory","Lego_Kart_Wind_Tunnel","Standalone_STARCCM_Functions/Lego_Kart_Wind_Tunnel","本宏通过在 STAR-CCM+ 中执行 Demo5_Lego_Kart_Wind_Tunnel.execute()，并调用 execute(), initMacro(), run(), all(), saveSim(), getCarBoundaries(), allByREGEX(), getInlet() 操作 MacroUtils、UserDeclarations、Boundary、Simulation、StarMacro、AutoMeshOperation、Region、Mesh，实现按案例参数组织几何、物理、网格、求解和后处理步骤，解决该类 STAR-CCM+ 模型处理依赖重复手工操作。","True","True","1","0","0","2","0","3"
"2026-09-06T21:18:40","Standalone_STARCCM_Functions","STAR-CCM+ 内部宏功能","Directory","LES_Torque","Standalone_STARCCM_Functions/LES_Torque","本宏通过在 STAR-CCM+ 中执行 LesTorque.execute()，并调用 execute(), getActiveSimulation(), getSessionDir(), setCalculatedProperties(), StartTorqueLesSimulation(), SetRstParam(), getContinuumManager(), getContinuum() 操作 StarMacro、Units、Mesh、Simulation、PhysicsContinuum、Monitor、FvRepresentation、UserFieldFunction，实现在 STAR-CCM+ simulation 中执行该功能对应的对象配置和结果处理，解决该类 STAR-CCM+ 模型处理依赖重复手工操作。","True","True","1","0","0","2","0","3"
"2026-09-06T21:18:40","Standalone_STARCCM_Functions","STAR-CCM+ 内部宏功能","Directory","MAE7440_GLS17","Standalone_STARCCM_Functions/MAE7440_GLS17","本宏通过在 STAR-CCM+ 中执行 MAE7440_GLS17.execute()，并调用 execute(), getActiveSimulation(), partRotate(), partSubtract(), RegionBuilder(), part2Region(), createPhysicsContinua(), enable() 操作 PhysicsContinuum、Simulation、StarMacro、Scene，实现按案例参数组织几何、物理、网格、求解和后处理步骤，解决该类 STAR-CCM+ 模型处理依赖重复手工操作。","True","True","1","0","0","2","0","3"
"2026-09-06T21:18:40","Standalone_STARCCM_Functions","STAR-CCM+ 内部宏功能","Directory","Make_Tbulk_Sweep","Standalone_STARCCM_Functions/Make_Tbulk_Sweep","本宏通过在 STAR-CCM+ 中执行 make_plane_sweep.execute()，并调用 execute(), execute0(), getActiveSimulation(), getPartManager(), getObjects(), getPresentationName(), createImplicitPart(), setPresentationName() 操作 StarMacro、Simulation、Part、Region、Report、Units，实现在 STAR-CCM+ simulation 中执行该功能对应的对象配置和结果处理，解决该类 STAR-CCM+ 模型处理依赖重复手工操作。","True","True","1","0","0","2","0","3"
"2026-09-06T21:18:40","Standalone_STARCCM_Functions","STAR-CCM+ 内部宏功能","Directory","Mass_Flow_To_Volumetric_Flow","Standalone_STARCCM_Functions/Mass_Flow_To_Volumetric_Flow","本宏通过在 STAR-CCM+ 中执行 kgsTolpm.execute()，并调用 execute(), execute0(), getActiveSimulation(), getContinuumManager(), getContinuum(), getModelManager(), getModel(), getMaterial() 操作 Report、Liquid、StarMacro、Simulation、PhysicsContinuum、Units，实现读取或转换外部数据并写入 simulation 设置，解决该类 STAR-CCM+ 模型处理依赖重复手工操作。","True","True","1","0","0","2","0","3"
"2026-09-06T21:18:40","Standalone_STARCCM_Functions","STAR-CCM+ 内部宏功能","Directory","Mesh_And_Run","Standalone_STARCCM_Functions/Mesh_And_Run","本宏通过在 STAR-CCM+ 中执行 MeshAndRun.execute()，并调用 execute(), ExecuteMesh(), RunSimulation(), getActiveSimulation(), getSolution(), initializeSolution(), getSimulationIterator(), run() 操作 StarMacro、Simulation、AutoMeshOperation、MeshOperationManager、Mesh，实现配置并执行几何或网格处理流程，解决网格流程依赖重复的界面操作且容易漏设。","True","True","1","0","0","2","0","3"
"2026-09-06T21:18:40","Standalone_STARCCM_Functions","STAR-CCM+ 内部宏功能","Directory","Mesh_And_Save","Standalone_STARCCM_Functions/Mesh_And_Save","本宏通过在 STAR-CCM+ 中执行 MeshAndSave.execute()，并调用 execute(), ExecuteMesh(), getActiveSimulation(), get(), getObject() 操作 StarMacro、Simulation、AutoMeshOperation、MeshOperationManager、Mesh，实现配置并执行几何或网格处理流程，解决网格流程依赖重复的界面操作且容易漏设。","True","True","1","0","0","2","0","3"
"2026-09-06T21:18:40","Standalone_STARCCM_Functions","STAR-CCM+ 内部宏功能","Directory","Mesh_Convergence","Standalone_STARCCM_Functions/Mesh_Convergence","本宏通过在 STAR-CCM+ 中执行 MeshConvergence.execute()，并调用 execute(), getActiveSimulation(), getSessionDir(), StartMeshConvergence(), setParameter(), SetAdaptiveTimeStepping(), enableSecondOrderTimestep(), setInnerIterationCount() 操作 Simulation、StarMacro、Mesh、AutoMeshOperation、MeshOperationManager、FieldFunction、Region、Boundary，实现配置并执行几何或网格处理流程，解决网格流程依赖重复的界面操作且容易漏设。","True","True","1","0","0","2","0","3"
"2026-09-06T21:18:40","Standalone_STARCCM_Functions","STAR-CCM+ 内部宏功能","Directory","Mesh_Quality_Check","Standalone_STARCCM_Functions/Mesh_Quality_Check","本宏通过在 STAR-CCM+ 中执行 meshQualityCheck.execute()，并调用 execute(), getActiveSimulation(), determineIfSolids(), closeScenes(), deleteOldSession(), determineCellQualityRemediation(), enableCellQualityRemediation(), getPartManager() 操作 StarMacro、Simulation、PhysicsContinuum、Report、Region、Part、Mesh、Scene，实现配置并执行几何或网格处理流程，解决网格流程依赖重复的界面操作且容易漏设。","True","True","1","0","0","2","0","3"
"2026-09-06T21:18:40","Standalone_STARCCM_Functions","STAR-CCM+ 内部宏功能","Directory","Mesh_Setting_And_Execution","Standalone_STARCCM_Functions/Mesh_Setting_And_Execution","本宏通过在 STAR-CCM+ 中执行 meshSettingAndExecution.execute()，并调用 execute(), meshSettings(), generateMesh(), getActiveSimulation(), getSessionDir(), getPresentationName(), getProperty(), Parts() 操作 Mesh、StarMacro、Simulation、GeometryPart、AutoMeshOperation、MeshOperationManager、Units，实现配置并执行几何或网格处理流程，解决网格流程依赖重复的界面操作且容易漏设。","True","True","1","0","0","2","0","3"
"2026-09-06T21:18:40","Standalone_STARCCM_Functions","STAR-CCM+ 内部宏功能","Directory","NACA_2412","Standalone_STARCCM_Functions/NACA_2412","本宏通过在 STAR-CCM+ 中执行 NACA_2412.execute()，并调用 execute(), getActiveSimulation(), createSketch(), createSketchPoint(), createSpline(), createPart(), partTranslate(), partSubtract() 操作 Sketch、PhysicsContinuum、Simulation、StarMacro、Scene、Report、Monitor，实现按案例参数组织几何、物理、网格、求解和后处理步骤，解决该类 STAR-CCM+ 模型处理依赖重复手工操作。","True","True","1","0","0","2","0","3"
"2026-09-06T21:18:40","Standalone_STARCCM_Functions","STAR-CCM+ 内部宏功能","Directory","Normals","Standalone_STARCCM_Functions/Normals","本宏通过在 STAR-CCM+ 中执行 Normals.execute()，并调用 execute(), execute0(), getActiveSimulation(), getPlotManager(), getPlot(), close(), getSceneManager(), getScene() 操作 StarMacro、Simulation、MonitorPlot、Monitor、Plot、Scene、SceneUpdate、HardcopyProperties，实现配置场景、视图和可视化对象以生成可检查的结果，解决场景显示和可视化输出依赖重复手工设置。","True","True","1","0","0","2","0","3"
"2026-09-06T21:18:40","Standalone_STARCCM_Functions","STAR-CCM+ 内部宏功能","Directory","Normals2","Standalone_STARCCM_Functions/Normals2","本宏通过在 STAR-CCM+ 中执行 Normals2.execute()，并调用 execute(), execute0(), getActiveSimulation(), getPartManager(), getObject(), getRepresentationManager(), exportDataSourceSTL(), resolvePath() 操作 StarMacro、Simulation、FvRepresentation、Mesh、Scene、CurrentView，实现配置场景、视图和可视化对象以生成可检查的结果，解决场景显示和可视化输出依赖重复手工设置。","True","True","1","0","0","2","0","3"
"2026-09-06T21:18:40","Standalone_STARCCM_Functions","STAR-CCM+ 内部宏功能","Directory","O2_Sensor","Standalone_STARCCM_Functions/O2_Sensor","本宏通过在 STAR-CCM+ 中执行 O2_Sensor.execute()，并调用 execute(), initMacro(), clear(), add(), byREGEX(), fieldFunction(), step(), saveSim() 操作 StarMacro、MonitorPlot、MacroUtils、UserDeclarations，实现按案例参数组织几何、物理、网格、求解和后处理步骤，解决该类 STAR-CCM+ 模型处理依赖重复手工操作。","True","True","1","0","0","2","0","3"
"2026-09-06T21:18:40","Standalone_STARCCM_Functions","STAR-CCM+ 内部宏功能","Directory","One_Dimensional_Sound_Propagation","Standalone_STARCCM_Functions/One_Dimensional_Sound_Propagation","本宏通过在 STAR-CCM+ 中执行 Demo16_1D_Sound_Propagation.execute()，并调用 execute(), getActiveSimulation(), updateCaseParameters(), executePre(), executePost(), printOverview(), run(), saveSim() 操作 MacroUtils、UserDeclarations、StarMacro、Boundary，实现按案例参数组织几何、物理、网格、求解和后处理步骤，解决该类 STAR-CCM+ 模型处理依赖重复手工操作。","True","True","1","0","0","2","0","3"
"2026-09-06T21:18:40","Standalone_STARCCM_Functions","STAR-CCM+ 内部宏功能","Directory","Phi_Study","Standalone_STARCCM_Functions/Phi_Study","本宏通过在 STAR-CCM+ 中执行 PhiStudy.execute()，并调用 execute(), getActiveSimulation(), getSessionDir(), StartRstReactiveSimulation(), getFileName(), getRotorDiameterString(), getRpmString(), saveAs() 操作 Simulation、StarMacro、Units、Mesh、FieldFunction、Region、Boundary、Plot，实现按案例参数组织几何、物理、网格、求解和后处理步骤，解决该类 STAR-CCM+ 模型处理依赖重复手工操作。","True","True","1","0","0","2","0","3"
"2026-09-06T21:18:40","Standalone_STARCCM_Functions","STAR-CCM+ 内部宏功能","Directory","Phi_Study_LES","Standalone_STARCCM_Functions/Phi_Study_LES","本宏通过在 STAR-CCM+ 中执行 PhiStudyLes.execute()，并调用 execute(), getActiveSimulation(), getSessionDir(), StartRstReactiveSimulation(), getFileName(), getRotorDiameterString(), getRpmString(), saveAs() 操作 Simulation、StarMacro、FieldFunction、Region、Boundary、Plot、Monitor、MonitorPlot，实现按案例参数组织几何、物理、网格、求解和后处理步骤，解决该类 STAR-CCM+ 模型处理依赖重复手工操作。","True","True","1","0","0","2","0","3"
"2026-09-06T21:18:40","Standalone_STARCCM_Functions","STAR-CCM+ 内部宏功能","Directory","Physics_Setting_Fluid","Standalone_STARCCM_Functions/Physics_Setting_Fluid","本宏通过在 STAR-CCM+ 中执行 physicsSettingFluid.execute()，并调用 execute(), physicsSettingFluid(), getActiveSimulation(), getPresentationName(), getSessionDir(), getProperty(), getContinuumManager(), createContinuum() 操作 StarMacro、Simulation、PhysicsContinuum，实现配置 simulation 的物理模型、边界条件或求解参数，解决物理模型、边界或求解参数容易配置不一致。","True","True","1","0","0","2","0","3"
"2026-09-06T21:18:40","Standalone_STARCCM_Functions","STAR-CCM+ 内部宏功能","Directory","Physics_Setting_Solid","Standalone_STARCCM_Functions/Physics_Setting_Solid","本宏通过在 STAR-CCM+ 中执行 physicsSettingSolid.execute()，并调用 execute(), physicsSettingSolid(), getActiveSimulation(), getSessionDir(), getPresentationName(), getProperty(), getContinuumManager(), createContinuum() 操作 StarMacro、Simulation、PhysicsContinuum、Material，实现配置 simulation 的物理模型、边界条件或求解参数，解决物理模型、边界或求解参数容易配置不一致。","True","True","1","0","0","2","0","3"
"2026-09-06T21:18:40","Standalone_STARCCM_Functions","STAR-CCM+ 内部宏功能","Directory","Plane_Section_Y","Standalone_STARCCM_Functions/Plane_Section_Y","本宏通过在 STAR-CCM+ 中执行 PlaneSectionY.execute()，并调用 execute(), execute0(), getActiveSimulation(), getUnitsManager(), getPreferredUnits(), Builder(), build(), getSceneManager() 操作 StarMacro、Simulation、Units、Scene、Region，实现在 STAR-CCM+ simulation 中执行该功能对应的对象配置和结果处理，解决该类 STAR-CCM+ 模型处理依赖重复手工操作。","True","True","1","0","0","2","0","3"
"2026-09-06T21:18:40","Standalone_STARCCM_Functions","STAR-CCM+ 内部宏功能","Directory","Plane_Section_Z","Standalone_STARCCM_Functions/Plane_Section_Z","本宏通过在 STAR-CCM+ 中执行 PlaneSectionZ.execute()，并调用 execute(), execute0(), getActiveSimulation(), getUnitsManager(), getPreferredUnits(), Builder(), build(), getSceneManager() 操作 StarMacro、Simulation、Units、Scene、Region，实现在 STAR-CCM+ simulation 中执行该功能对应的对象配置和结果处理，解决该类 STAR-CCM+ 模型处理依赖重复手工操作。","True","True","1","0","0","2","0","3"
"2026-09-06T21:18:40","Standalone_STARCCM_Functions","STAR-CCM+ 内部宏功能","Directory","Plane_Sections","Standalone_STARCCM_Functions/Plane_Sections","本宏通过在 STAR-CCM+ 中执行 PlaneSections.execute()，并调用 execute(), execute0(), getActiveSimulation(), getUnitsManager(), getPreferredUnits(), Builder(), build(), getSceneManager() 操作 StarMacro、Simulation、Units、Scene、Region，实现在 STAR-CCM+ simulation 中执行该功能对应的对象配置和结果处理，解决该类 STAR-CCM+ 模型处理依赖重复手工操作。","True","True","1","0","0","2","0","3"
"2026-09-06T21:18:40","Standalone_STARCCM_Functions","STAR-CCM+ 内部宏功能","Directory","Porous_Media_Flow_Workflow","Standalone_STARCCM_Functions/Porous_Media_Flow_Workflow","运行 `flow_simulator.java` 前准备好三个输入文件，并确认 STAR-CCM+ 版本和模型对象兼容。`Star.sim` 是案例输入，不是通用 Java 依赖。","True","True","1","0","3","2","3","6"
"2026-09-06T21:18:40","Standalone_STARCCM_Functions","STAR-CCM+ 内部宏功能","Directory","Post_Macro","Standalone_STARCCM_Functions/Post_Macro","本宏通过在 STAR-CCM+ 中执行 post_macro.execute()，并调用 execute(), execute0(), execute1(), getActiveSimulation(), getSceneManager(), createScalarScene(), getScene(), initializeAndWait() 操作 StarMacro、Simulation、Scene、SceneUpdate、HardcopyProperties、Region、Section、Legend，实现按案例参数组织几何、物理、网格、求解和后处理步骤，解决该类 STAR-CCM+ 模型处理依赖重复手工操作。","True","True","1","0","0","2","0","3"
"2026-09-06T21:18:40","Standalone_STARCCM_Functions","STAR-CCM+ 内部宏功能","Directory","Post_Process_Prl4","Standalone_STARCCM_Functions/Post_Process_Prl4","本宏通过在 STAR-CCM+ 中执行 PostProcessPrl4.execute()，并调用 execute(), getActiveSimulation(), getRegionManager(), getRegion(), getBoundaryManager(), getBoundary(), AddBariteDiffusivity(), createDimensionlessFieldFuncs() 操作 StarMacro、Simulation、Region、Boundary、PhysicsContinuum、Units、UserFieldFunction、FieldFunction，实现按案例参数组织几何、物理、网格、求解和后处理步骤，解决该类 STAR-CCM+ 模型处理依赖重复手工操作。","True","True","1","0","0","2","0","3"
"2026-09-06T21:18:40","Standalone_STARCCM_Functions","STAR-CCM+ 内部宏功能","Directory","Post_Processing","Standalone_STARCCM_Functions/Post_Processing","本宏通过在 STAR-CCM+ 中执行 post_processing.execute()，并调用 execute(), execute0(), getActiveSimulation(), getPlotManager(), getPlot(), getPlotUpdate(), getHardcopyProperties(), setCurrentResolutionWidth() 操作 StarMacro、Simulation、MonitorPlot、Monitor、Plot、HardcopyProperties、Scene、Legend，实现按案例参数组织几何、物理、网格、求解和后处理步骤，解决该类 STAR-CCM+ 模型处理依赖重复手工操作。","True","True","1","0","0","2","0","3"
"2026-09-06T21:18:40","Standalone_STARCCM_Functions","STAR-CCM+ 内部宏功能","Directory","Prepare_History_And_Save","Standalone_STARCCM_Functions/Prepare_History_And_Save","本宏通过在 STAR-CCM+ 中执行 PrepareHistoryAndSave.execute()，并调用 execute(), setInnerIterationCount(), enableSecondOrderTimestep(), getActiveRootObject(), resolvePath(), Save(), getActiveSimulation(), getSessionDirFile() 操作 StarMacro、Simulation，实现建立并保存用于监测或后处理的历史数据，解决监测历史和后处理数据准备过程容易不一致。","True","True","1","0","0","2","0","3"
"2026-09-06T21:18:40","Standalone_STARCCM_Functions","STAR-CCM+ 内部宏功能","Directory","Propeller_Parametric_Simulation","Standalone_STARCCM_Functions/Propeller_Parametric_Simulation","本宏通过在 STAR-CCM+ 中执行 Props.execute()，并调用 execute(), initMacro(), setSpeed(), setHeight(), setTrim(), setCsys(), setRpm(), run() 操作 Displayer、StarMacro、Simulation、MacroUtils、MeshOperationManager、MonitorPlot、Scene、UserDeclarations，实现按案例参数组织几何、物理、网格、求解和后处理步骤，解决该类 STAR-CCM+ 模型处理依赖重复手工操作。","True","True","1","0","0","2","0","3"
"2026-09-06T21:18:40","Standalone_STARCCM_Functions","STAR-CCM+ 内部宏功能","Directory","Props_Tr2017_0404_008","Standalone_STARCCM_Functions/Props_Tr2017_0404_008","本宏通过在 STAR-CCM+ 中执行 Props_TR2017_0404_008.execute()，并调用 execute(), initMacro(), setSpeed(), setHeight(), getSimulation(), setTrim(), setCsys(), setRpm() 操作 Displayer、StarMacro、Simulation、MacroUtils、MeshOperationManager、MonitorPlot、Scene、UserDeclarations，实现在 STAR-CCM+ simulation 中执行该功能对应的对象配置和结果处理，解决该类 STAR-CCM+ 模型处理依赖重复手工操作。","True","True","1","0","0","2","0","3"
"2026-09-06T21:18:40","Standalone_STARCCM_Functions","STAR-CCM+ 内部宏功能","Directory","Props_V0_Fix","Standalone_STARCCM_Functions/Props_V0_Fix","本宏通过在 STAR-CCM+ 中执行 Props_v0Fix.execute()，并调用 execute(), initMacro(), setSpeed(), setHeight(), setTrim(), setCsys(), setRpm(), run() 操作 Displayer、StarMacro、Simulation、MacroUtils、MeshOperationManager、MonitorPlot、Scene、UserDeclarations，实现在 STAR-CCM+ simulation 中执行该功能对应的对象配置和结果处理，解决该类 STAR-CCM+ 模型处理依赖重复手工操作。","True","True","1","0","0","2","0","3"
"2026-09-06T21:18:41","Standalone_STARCCM_Functions","STAR-CCM+ 内部宏功能","Directory","Props_Write_Scenes","Standalone_STARCCM_Functions/Props_Write_Scenes","本宏通过在 STAR-CCM+ 中执行 Props_WriteScenes.execute()，并调用 execute(), getSimulation(), getSessionDir(), initMacro(), exportScene(), byREGEX(), export3DSceneFileAndWait() 操作 Displayer、StarMacro、Simulation、MacroUtils、Scene、UserDeclarations，实现配置场景、视图和可视化对象以生成可检查的结果，解决场景显示和可视化输出依赖重复手工设置。","True","True","1","0","0","2","0","3"
"2026-09-06T21:18:41","Standalone_STARCCM_Functions","STAR-CCM+ 内部宏功能","Directory","Re_Run_Case","Standalone_STARCCM_Functions/Re_Run_Case","本宏通过在 STAR-CCM+ 中执行 reRunCase.execute()，并调用 execute(), clearSolutionHistory(), executeWrapAndMesh(), runCase(), saveSimWithSuffix(), postProcessing(), genVolumeMesh(), hardCopyPictures() 操作 MacroUtils，实现按预设参数推进 simulation 的网格、初始化和求解过程，解决已有模型无法按固定顺序重复运行并保存结果。","True","True","1","0","0","2","0","3"
"2026-09-06T21:18:41","Standalone_STARCCM_Functions","STAR-CCM+ 内部宏功能","Directory","Read_Camera_Views","Standalone_STARCCM_Functions/Read_Camera_Views","本宏通过在 STAR-CCM+ 中执行 Demo6c_Read_Camera_Views.execute()，并调用 execute(), getActiveSimulation(), cameraViews(), byREGEX(), all(), cameraView(), sleep(), picture() 操作 MacroUtils、StarMacro、Scene，实现配置场景、视图和可视化对象以生成可检查的结果，解决场景显示和可视化输出依赖重复手工设置。","True","True","1","0","0","2","0","3"
"2026-09-06T21:18:41","Standalone_STARCCM_Functions","STAR-CCM+ 内部宏功能","Directory","Read_File","Standalone_STARCCM_Functions/Read_File","本宏通过在 STAR-CCM+ 中执行 readFile.execute()，并调用 execute(), readTextFiles(), printFileInfo(), resolvePath(), readFileDouble(), findWithinHorizon(), getSimulation() 操作 StarMacro、Mesh，实现读取或转换外部数据并写入 simulation 设置，解决该类 STAR-CCM+ 模型处理依赖重复手工操作。","True","True","1","0","0","2","0","3"
"2026-09-06T21:18:41","Standalone_STARCCM_Functions","STAR-CCM+ 内部宏功能","Directory","Record_Mean_Shear_Stress","Standalone_STARCCM_Functions/Record_Mean_Shear_Stress","本宏通过在 STAR-CCM+ 中执行 RecordMeanShearStress.execute()，并调用 execute(), getRotorDiameterString(), getRpmString(), saveAs(), runTime(), getActiveSimulation(), getSessionDir(), saveState() 操作 StarMacro、Simulation、Region、Boundary，实现建立并保存用于监测或后处理的历史数据，解决监测历史和后处理数据准备过程容易不一致。","True","True","1","0","0","2","0","3"
"2026-09-06T21:18:41","Standalone_STARCCM_Functions","STAR-CCM+ 内部宏功能","Directory","Record_Reynolds_Stresses","Standalone_STARCCM_Functions/Record_Reynolds_Stresses","本宏通过在 STAR-CCM+ 中执行 RecordReynoldsStresses.execute()，并调用 execute(), Builder(), build(), createVectorFieldFunction(), createMeanFlowMonitor(), createTensorFieldFunction(), createScalarFieldFunction(), runOneRev() 操作 StarMacro、Monitor、Simulation、UserFieldFunction、Units、Region、FieldFunction，实现建立并保存用于监测或后处理的历史数据，解决监测历史和后处理数据准备过程容易不一致。","True","True","1","0","0","2","0","3"
"2026-09-06T21:18:41","Standalone_STARCCM_Functions","STAR-CCM+ 内部宏功能","Directory","Record_Turbulence_Chem_Stats","Standalone_STARCCM_Functions/Record_Turbulence_Chem_Stats","本宏通过在 STAR-CCM+ 中执行 RecordTurbulenceChemStats.execute()，并调用 execute(), Builder(), build(), createMeanScalarMonitor(), createVectorFieldFunction(), createMeanFlowMonitor(), createTensorFieldFunction(), createScalarFieldFunction() 操作 StarMacro、Monitor、Simulation、UserFieldFunction、Units、Region、FieldFunction，实现建立并保存用于监测或后处理的历史数据，解决监测历史和后处理数据准备过程容易不一致。","True","True","1","0","0","2","0","3"
"2026-09-06T21:18:41","Standalone_STARCCM_Functions","STAR-CCM+ 内部宏功能","Directory","Record_Turbulence_Stats","Standalone_STARCCM_Functions/Record_Turbulence_Stats","本宏通过在 STAR-CCM+ 中执行 RecordTurbulenceStats.execute()，并调用 execute(), createVel2FieldFunction(), createMeanFlowMonitor(), runOneRev(), SaveFile(), getActiveSimulation(), getSessionDir(), Save() 操作 StarMacro、Simulation、UserFieldFunction、Region、FieldFunction、Units，实现建立并保存用于监测或后处理的历史数据，解决监测历史和后处理数据准备过程容易不一致。","True","True","1","0","0","2","0","3"
"2026-09-06T21:18:41","Standalone_STARCCM_Functions","STAR-CCM+ 内部宏功能","Directory","Record_Velocity_At_Xz","Standalone_STARCCM_Functions/Record_Velocity_At_Xz","本宏通过在 STAR-CCM+ 中执行 RecordVelocityAtXz.execute()，并调用 execute(), Builder(), build(), createScalarFieldFunction(), createSolutionHistory(), runOneRev(), SaveFile(), getActiveSimulation() 操作 StarMacro、Simulation、UserFieldFunction、Units、FieldFunction、Plane、Region，实现建立并保存用于监测或后处理的历史数据，解决监测历史和后处理数据准备过程容易不一致。","True","True","1","0","0","2","0","3"
"2026-09-06T21:18:41","Standalone_STARCCM_Functions","STAR-CCM+ 内部宏功能","Directory","Region_And_Bc_Settings","Standalone_STARCCM_Functions/Region_And_Bc_Settings","本宏通过在 STAR-CCM+ 中执行 regionAndBCSettings.execute()，并调用 execute(), getActiveSimulation(), getPresentationName(), setUpRegions(), setUpBoundaryConditions(), saveState(), resolvePath(), getRegionManager() 操作 StarMacro、Simulation、Region、PhysicsContinuum、Boundary，实现在 STAR-CCM+ simulation 中执行该功能对应的对象配置和结果处理，解决该类 STAR-CCM+ 模型处理依赖重复手工操作。","True","True","1","0","0","2","0","3"
"2026-09-06T21:18:41","Standalone_STARCCM_Functions","STAR-CCM+ 内部宏功能","Directory","Report_To_CSV","Standalone_STARCCM_Functions/Report_To_CSV","本宏通过在 STAR-CCM+ 中执行 Report_to_CSV.execute()，并调用 execute(), getActiveSimulation(), getPresentationName(), resolvePath(), write(), getReportManager(), getObjects(), getReportMonitorValue() 操作 StarMacro、Simulation、Report、Units，实现将 simulation 中的结果或监视数据整理并导出为可复用文件，解决结果文件和监视数据需要人工整理。","True","True","1","0","0","2","0","3"
"2026-09-06T21:18:41","Standalone_STARCCM_Functions","STAR-CCM+ 内部宏功能","Directory","Reports_To_CSV","Standalone_STARCCM_Functions/Reports_To_CSV","本宏通过在 STAR-CCM+ 中执行 ReportsToCSV.execute()，并调用 execute(), getActiveSimulation(), setFileSelectionMode(), getSelectedFile(), getPresentationName(), getPath(), getProperty(), resolvePath() 操作 Liquid、StarMacro、Simulation、Report、Units、PhysicsContinuum，实现将 simulation 中的结果或监视数据整理并导出为可复用文件，解决结果文件和监视数据需要人工整理。","True","True","1","0","0","2","0","3"
"2026-09-06T21:18:41","Standalone_STARCCM_Functions","STAR-CCM+ 内部宏功能","Directory","Rizkalla_Phi","Standalone_STARCCM_Functions/Rizkalla_Phi","本宏通过在 STAR-CCM+ 中执行 RizkallaPhi.execute()，并调用 execute(), getActiveSimulation(), getSessionDir(), StartRstReactiveSimulation(), getFileName(), getRpmString(), saveAs(), saveState() 操作 Simulation、StarMacro、ReportManager、Report、Plot、Monitor、MonitorPlot、FieldFunction，实现按案例参数组织几何、物理、网格、求解和后处理步骤，解决该类 STAR-CCM+ 模型处理依赖重复手工操作。","True","True","1","0","0","2","0","3"
"2026-09-06T21:18:41","Standalone_STARCCM_Functions","STAR-CCM+ 内部宏功能","Directory","Rizkalla_Phi_Reactive","Standalone_STARCCM_Functions/Rizkalla_Phi_Reactive","本宏通过在 STAR-CCM+ 中执行 RizkallaPhiReactive.execute()，并调用 execute(), getActiveSimulation(), getSessionDir(), StartRstReactiveSimulation(), getFileName(), getRpmString(), saveAs(), saveState() 操作 Simulation、StarMacro、ReportManager、Report、Plot、Monitor、MonitorPlot、FieldFunction，实现按案例参数组织几何、物理、网格、求解和后处理步骤，解决该类 STAR-CCM+ 模型处理依赖重复手工操作。","True","True","1","0","0","2","0","3"
"2026-09-06T21:18:41","Standalone_STARCCM_Functions","STAR-CCM+ 内部宏功能","Directory","Rizkalla_RST","Standalone_STARCCM_Functions/Rizkalla_RST","本宏通过在 STAR-CCM+ 中执行 RizkallaRst.execute()，并调用 execute(), getActiveSimulation(), getSessionDir(), StartRstSimulation(), getFileName(), getRpmString(), saveAs(), saveState() 操作 Simulation、StarMacro、Units、UserFieldFunction，实现按案例参数组织几何、物理、网格、求解和后处理步骤，解决该类 STAR-CCM+ 模型处理依赖重复手工操作。","True","True","1","0","0","2","0","3"
"2026-09-06T21:18:41","Standalone_STARCCM_Functions","STAR-CCM+ 内部宏功能","Directory","Run_Case","Standalone_STARCCM_Functions/Run_Case","本宏通过在 STAR-CCM+ 中执行 runCase.execute()，并调用 execute(), clearSolution(), executeWrapAndMesh(), initializeSolution(), runCase(), saveSimWithSuffix(), postProcessing(), genVolumeMesh() 操作 MacroUtils，实现按预设参数推进 simulation 的网格、初始化和求解过程，解决已有模型无法按固定顺序重复运行并保存结果。","True","True","1","0","0","2","0","3"
"2026-09-06T21:18:41","Standalone_STARCCM_Functions","STAR-CCM+ 内部宏功能","Directory","Run_Case2","Standalone_STARCCM_Functions/Run_Case2","本宏通过在 STAR-CCM+ 中执行 runCase2.execute()，并调用 execute(), clearSolution(), initializeSolution(), runCase(), saveSimWithSuffix(), postProcessing(), hardCopyPictures() 操作 MacroUtils，实现按预设参数推进 simulation 的网格、初始化和求解过程，解决已有模型无法按固定顺序重复运行并保存结果。","True","True","1","0","0","2","0","3"
"2026-09-06T21:18:41","Standalone_STARCCM_Functions","STAR-CCM+ 内部宏功能","Directory","Run_DES_Simulation","Standalone_STARCCM_Functions/Run_DES_Simulation","本宏通过在 STAR-CCM+ 中执行 Demo15_Run_DES.execute()，并调用 execute(), initMacro(), runRANS(), runDES(), saveSim(), all(), getPresentationName(), setDisplayMeshBoolean() 操作 MacroUtils、UserDeclarations、Monitor、StarMacro、LookupTable、Scene、Mesh、Displayer，实现按预设参数推进 simulation 的网格、初始化和求解过程，解决已有模型无法按固定顺序重复运行并保存结果。","True","True","1","0","0","2","0","3"
"2026-09-06T21:18:41","Standalone_STARCCM_Functions","STAR-CCM+ 内部宏功能","Directory","Run_For_100_Seconds","Standalone_STARCCM_Functions/Run_For_100_Seconds","本宏通过在 STAR-CCM+ 中执行 Run100s.execute()，并调用 execute(), run(), RunSimulation(), getActiveSimulation(), getSimulationIterator(), getSolverStoppingCriterionManager(), getSolverStoppingCriterion(), getSolution() 操作 StarMacro、Simulation，实现按预设参数推进 simulation 的网格、初始化和求解过程，解决已有模型无法按固定顺序重复运行并保存结果。","True","True","1","0","0","2","0","3"
"2026-09-06T21:18:41","Standalone_STARCCM_Functions","STAR-CCM+ 内部宏功能","Directory","Run_One_Rev","Standalone_STARCCM_Functions/Run_One_Rev","本宏通过在 STAR-CCM+ 中执行 RunOneRev.execute()，并调用 execute(), runOneRev(), SaveFile(), getActiveSimulation(), getSessionDir(), Save(), saveState(), RunSimulation() 操作 StarMacro、Simulation，实现按预设参数推进 simulation 的网格、初始化和求解过程，解决已有模型无法按固定顺序重复运行并保存结果。","True","True","1","0","0","2","0","3"
"2026-09-06T21:18:41","Standalone_STARCCM_Functions","STAR-CCM+ 内部宏功能","Directory","Scene_Create","Standalone_STARCCM_Functions/Scene_Create","本宏通过在 STAR-CCM+ 中执行 SceneCreate.execute()，并调用 execute(), execute0(), getActiveSimulation(), getSceneManager(), createScalarScene(), getScene(), initializeAndWait(), getDisplayerManager() 操作 StarMacro、Simulation、Scene、Legend、SceneUpdate、HardcopyProperties、Units，实现配置场景、视图和可视化对象以生成可检查的结果，解决场景显示和可视化输出依赖重复手工设置。","True","True","1","0","0","2","0","3"
"2026-09-06T21:18:41","Standalone_STARCCM_Functions","STAR-CCM+ 内部宏功能","Directory","Scene_Resolution","Standalone_STARCCM_Functions/Scene_Resolution","本宏通过在 STAR-CCM+ 中执行 Demo6_Scene_Resolution.execute()，并调用 execute(), initMacro(), createOrUpdateResolutionScene(), setText(), getResolution(), sleep(), open(), getSimulation() 操作 MacroUtils、UserDeclarations、StarMacro、Scene，实现配置场景、视图和可视化对象以生成可检查的结果，解决场景显示和可视化输出依赖重复手工设置。","True","True","1","0","0","2","0","3"
"2026-09-06T21:18:41","Standalone_STARCCM_Functions","STAR-CCM+ 内部宏功能","Directory","Screenplay","Standalone_STARCCM_Functions/Screenplay","本宏通过在 STAR-CCM+ 中执行 Screenplay.execute()，并调用 execute(), execute0(), getActiveSimulation(), getSceneManager(), getScene(), get(), createScreenplay(), setActiveScreenplay() 操作 StarMacro、Simulation、Scene、Region、FvRepresentation、Mesh、Units，实现在 STAR-CCM+ simulation 中执行该功能对应的对象配置和结果处理，解决该类 STAR-CCM+ 模型处理依赖重复手工操作。","True","True","1","0","0","2","0","3"
"2026-09-06T21:18:41","Standalone_STARCCM_Functions","STAR-CCM+ 内部宏功能","Directory","Set_Laminar_Model_And_Run","Standalone_STARCCM_Functions/Set_Laminar_Model_And_Run","本宏通过在 STAR-CCM+ 中执行 Set_Laminar_Run.execute()，并调用 execute(), getSimulation(), physicsContinua(), disableModel(), getModelManager(), getModel(), enable(), fieldFunction() 操作 StarMacro、MacroUtils、UserDeclarations，实现配置 simulation 的物理模型、边界条件或求解参数，解决物理模型、边界或求解参数容易配置不一致。","True","True","1","0","0","2","0","3"
"2026-09-06T21:18:41","Standalone_STARCCM_Functions","STAR-CCM+ 内部宏功能","Directory","Set_Mass_Flow_Inlet","Standalone_STARCCM_Functions/Set_Mass_Flow_Inlet","本宏通过在 STAR-CCM+ 中执行 SetMassFlowInlet.execute()，并调用 execute(), execute0(), getActiveSimulation(), get(), createGlobalParameter(), getObject(), setPresentationName(), setDimensions() 操作 StarMacro、Simulation、Region、Boundary、Units，实现配置 simulation 的物理模型、边界条件或求解参数，解决物理模型、边界或求解参数容易配置不一致。","True","True","1","0","0","2","0","3"
"2026-09-06T21:18:41","Standalone_STARCCM_Functions","STAR-CCM+ 内部宏功能","Directory","Set_Passive_Scalar_Inlets","Standalone_STARCCM_Functions/Set_Passive_Scalar_Inlets","本宏通过在 STAR-CCM+ 中执行 SetPassiveScalarInlets.execute()，并调用 execute(), SetPassiveScalarInlet(), getActiveSimulation(), getRegionManager(), getRegion(), getBoundaryManager(), getBoundary(), getValues() 操作 StarMacro、Simulation、Region、Boundary，实现配置 simulation 的物理模型、边界条件或求解参数，解决物理模型、边界或求解参数容易配置不一致。","True","True","1","0","0","2","0","3"
"2026-09-06T21:18:41","Standalone_STARCCM_Functions","STAR-CCM+ 内部宏功能","Directory","Set_Record","Standalone_STARCCM_Functions/Set_Record","本宏通过在 STAR-CCM+ 中执行 SetRecord.execute()，并调用 execute(), execute0(), getActiveSimulation(), getSceneManager(), getScene(), getDisplayerManager(), getObject(), getAnimationManager() 操作 StarMacro、Simulation、Scene、CurrentView、Units，实现配置 simulation 的物理模型、边界条件或求解参数，解决物理模型、边界或求解参数容易配置不一致。","True","True","1","0","0","2","0","3"
"2026-09-06T21:18:41","Standalone_STARCCM_Functions","STAR-CCM+ 内部宏功能","Directory","Set_RPM","Standalone_STARCCM_Functions/Set_RPM","本宏通过在 STAR-CCM+ 中执行 SetRPM.execute()，并调用 execute(), setRPM(), saveAs(), getActiveSimulation(), get(), createGlobalParameter(), setDimensions(), Builder() 操作 Simulation、StarMacro、Units，实现配置 simulation 的物理模型、边界条件或求解参数，解决物理模型、边界或求解参数容易配置不一致。","True","True","1","0","0","2","0","3"
"2026-09-06T21:18:41","Standalone_STARCCM_Functions","STAR-CCM+ 内部宏功能","Directory","Set_Time_Step_And_Run","Standalone_STARCCM_Functions/Set_Time_Step_And_Run","本宏通过在 STAR-CCM+ 中执行 Set_Tstep_Run.execute()，并调用 execute(), initMacro(), allDisplayers(), setRepresentation(), step(), picture(), byREGEX(), export() 操作 StarMacro、Displayer、MonitorPlot、MacroUtils、UserDeclarations，实现配置 simulation 的物理模型、边界条件或求解参数，解决物理模型、边界或求解参数容易配置不一致。","True","True","1","0","0","2","0","3"
"2026-09-06T21:18:41","Standalone_STARCCM_Functions","STAR-CCM+ 内部宏功能","Directory","Setup_Macro","Standalone_STARCCM_Functions/Setup_Macro","本宏通过在 STAR-CCM+ 中执行 setup_macro.execute()，并调用 execute(), execute0(), execute1(), getActiveSimulation(), getRegionManager(), createEmptyRegion(), getPartGroup(), setQuery() 操作 StarMacro、Simulation、Region、MeshOperationManager、PhysicsContinuum、Boundary、Solver、AutoMeshOperation，实现在 STAR-CCM+ simulation 中执行该功能对应的对象配置和结果处理，解决该类 STAR-CCM+ 模型处理依赖重复手工操作。","True","True","1","0","0","2","0","3"
"2026-09-06T21:18:41","Standalone_STARCCM_Functions","STAR-CCM+ 内部宏功能","Directory","Simulate","Standalone_STARCCM_Functions/Simulate","本宏通过在 STAR-CCM+ 中执行 Simulate.execute()，并调用 execute(), SetAutoSave(), Save(), RunSteps(), setTimeStep(), EnableSpecies(), createEtcFieldFuncs(), addIsoThermal() 操作 StarMacro、Units、Mesh、Simulation、PhysicsContinuum、AutoMeshOperation、MeshOperationManager、Region，实现按预设参数推进 simulation 的网格、初始化和求解过程，解决已有模型无法按固定顺序重复运行并保存结果。","True","True","1","0","0","2","0","3"
"2026-09-06T21:18:41","Standalone_STARCCM_Functions","STAR-CCM+ 内部宏功能","Directory","Simulation","Standalone_STARCCM_Functions/Simulation","本宏通过在 STAR-CCM+ 中执行 Simulation.execute()，并调用 execute(), SetAutoSave(), Save(), RunSteps(), setTimeStep(), EnableSpecies(), addIsoThermal(), AddUserLib() 操作 Simulation、StarMacro、Units、Mesh、PhysicsContinuum、AutoMeshOperation、MeshOperationManager、Region，实现在 STAR-CCM+ simulation 中执行该功能对应的对象配置和结果处理，解决该类 STAR-CCM+ 模型处理依赖重复手工操作。","True","True","1","0","0","2","0","3"
"2026-09-06T21:18:41","Standalone_STARCCM_Functions","STAR-CCM+ 内部宏功能","Directory","Sloshing_Case","Standalone_STARCCM_Functions/Sloshing_Case","本宏通过在 STAR-CCM+ 中执行 Demo7_Sloshing_Case.execute()，并调用 execute(), initMacro(), saveSim(), run(), all(), getRegion(), byREGEX(), getActiveSimulation() 操作 MacroUtils、UserDeclarations、Region、Simulation、StarMacro、Solver、Mesh、Material，实现按案例参数组织几何、物理、网格、求解和后处理步骤，解决该类 STAR-CCM+ 模型处理依赖重复手工操作。","True","True","1","0","0","2","0","3"
"2026-09-06T21:18:41","Standalone_STARCCM_Functions","STAR-CCM+ 内部宏功能","Directory","Solution_History_And_Cameras","Standalone_STARCCM_Functions/Solution_History_And_Cameras","本宏通过在 STAR-CCM+ 中执行 Demo12_Solution_History_And_Cameras.execute()，并调用 execute(), initMacro(), postTRN(), saveSim(), all(), getActiveSimulation(), cameraView(), postSS() 操作 MacroUtils、UserDeclarations、Boundary、Simulation、StarMacro、AutoMeshOperation、Material、Solver，实现建立并保存用于监测或后处理的历史数据，解决监测历史和后处理数据准备过程容易不一致。","True","True","1","0","0","2","0","3"
"2026-09-06T21:18:41","Standalone_STARCCM_Functions","STAR-CCM+ 内部宏功能","Directory","Split_Part_Surfaces","Standalone_STARCCM_Functions/Split_Part_Surfaces","本宏通过在 STAR-CCM+ 中执行 Demo4_Split_Part_Surfaces.execute()，并调用 execute(), getActiveSimulation(), importGeometryAndSplitPartSurfaces(), saveSim(), all(), importPart(), byREGEX(), setPresentationName() 操作 MacroUtils、UserDeclarations、StarMacro、Part，实现配置并执行几何或网格处理流程，解决网格流程依赖重复的界面操作且容易漏设。","True","True","1","0","0","2","0","3"
"2026-09-06T21:18:41","Standalone_STARCCM_Functions","STAR-CCM+ 内部宏功能","Directory","Steady_Internal_Flow_Parametric_Study","Standalone_STARCCM_Functions/Steady_Internal_Flow_Parametric_Study","本宏通过在 STAR-CCM+ 中执行 SS_Internal_Para.execute()，并调用 execute(), initMacro(), setup(), physics(), mesh(), monitors(), getSimulation(), post() 操作 StarMacro、MacroUtils、Material、Solver、Part、PartManager、UserDeclarations，实现按案例参数组织几何、物理、网格、求解和后处理步骤，解决该类 STAR-CCM+ 模型处理依赖重复手工操作。","True","True","1","0","0","2","0","3"
"2026-09-06T21:18:41","Standalone_STARCCM_Functions","STAR-CCM+ 内部宏功能","Directory","Steady_Internal_Flow_Single_Case","Standalone_STARCCM_Functions/Steady_Internal_Flow_Single_Case","本宏通过在 STAR-CCM+ 中执行 SS_Internal_Single.execute()，并调用 execute(), getSimulation(), getPartManager(), getObjects(), initMacro(), physics(), mesh(), monitors() 操作 StarMacro、MacroUtils、Material、Solver、Part、Report、UserDeclarations，实现按案例参数组织几何、物理、网格、求解和后处理步骤，解决该类 STAR-CCM+ 模型处理依赖重复手工操作。","True","True","1","0","0","2","0","3"
"2026-09-06T21:18:41","Standalone_STARCCM_Functions","STAR-CCM+ 内部宏功能","Directory","Streamlines","Standalone_STARCCM_Functions/Streamlines","本宏通过在 STAR-CCM+ 中执行 Demo13_Streamlines.execute()，并调用 pictures(), execute(), initMacro(), post(), saveSim(), all(), getActiveSimulation(), cameraView() 操作 MacroUtils、UserDeclarations、Simulation、StarMacro、Mesh、Part、Displayer、Material，实现配置场景、视图和可视化对象以生成可检查的结果，解决场景显示和可视化输出依赖重复手工设置。","True","True","1","0","0","2","0","3"
"2026-09-06T21:18:41","Standalone_STARCCM_Functions","STAR-CCM+ 内部宏功能","Directory","Summary_Writer","Standalone_STARCCM_Functions/Summary_Writer","本宏通过在 STAR-CCM+ 中执行 SummaryWriter.execute()，并调用 SummaryWriter(), getSimulation(), getPresentationName(), clear(), addAll(), all(), getPartInfo(), getMonitorManager() 操作 MacroUtils、Monitor、Boundary、FvRepresentation、GeometryPart、Region、Simulation、Units，实现将 simulation 中的结果或监视数据整理并导出为可复用文件，解决该类 STAR-CCM+ 模型处理依赖重复手工操作。","True","True","1","0","0","2","0","3"
"2026-09-06T21:18:41","Standalone_STARCCM_Functions","STAR-CCM+ 内部宏功能","Directory","Tmax_Report","Standalone_STARCCM_Functions/Tmax_Report","本宏通过在 STAR-CCM+ 中执行 TmaxReport.execute()，并调用 execute(), getActiveSimulation(), getSelectedObjects(), getPresentationName(), setFoldersGroups(), generateReports(), getMonitorManager(), getObjects() 操作 StarMacro、Simulation、GeometryPart、Monitor、Report、Mesh、FvRepresentation，实现在 STAR-CCM+ simulation 中执行该功能对应的对象配置和结果处理，解决该类 STAR-CCM+ 模型处理依赖重复手工操作。","True","True","1","0","0","2","0","3"
"2026-09-06T21:18:41","Standalone_STARCCM_Functions","STAR-CCM+ 内部宏功能","Directory","Turn_On_Chemistry","Standalone_STARCCM_Functions/Turn_On_Chemistry","本宏通过在 STAR-CCM+ 中执行 TurnOnChemistry.execute()，并调用 execute(), SetTransientStoppingCriteria(), EnableSpecies(), Save(), getActiveSimulation(), getSessionDir(), createDirectories(), get() 操作 StarMacro、Units、Mesh、Simulation、PhysicsContinuum、AutoMeshOperation、MeshOperationManager、Region，实现配置 simulation 的物理模型、边界条件或求解参数，解决物理模型、边界或求解参数容易配置不一致。","True","True","1","0","0","2","0","3"
"2026-09-06T21:18:41","Standalone_STARCCM_Functions","STAR-CCM+ 内部宏功能","Directory","UAE_Blade_CAD_Workflow","Standalone_STARCCM_Functions/UAE_Blade_CAD_Workflow","这是同一个 UAE 叶片 CAD 案例的当前宏集合。`uaetry2.java` 是当前保留的主尝试版本，其余 Java 文件是 CAD 辅助步骤；它们不是互相独立的 GitHub 项目。代码可能依赖叶片 CAD 文件、特征名称和原始绝对路径，运行前需要按本机环境修改。","True","True","5","0","0","2","0","7"
"2026-09-06T21:18:41","Standalone_STARCCM_Functions","STAR-CCM+ 内部宏功能","Directory","Useful_Stuff","Standalone_STARCCM_Functions/Useful_Stuff","本宏通过在 STAR-CCM+ 中执行 Useful_Stuff.execute()，并调用 execute(), initMacro(), allByREGEX(), getMesherParallelModeOption(), setSelected(), byREGEX(), getReportMonitorValue(), getSimulation() 操作 StarMacro、AutoMeshOperation、Mesh、Displayer、Units、MacroUtils、UserDeclarations，实现在 STAR-CCM+ simulation 中执行该功能对应的对象配置和结果处理，解决该类 STAR-CCM+ 模型处理依赖重复手工操作。","True","True","1","0","0","2","0","3"
"2026-09-06T21:18:41","Standalone_STARCCM_Functions","STAR-CCM+ 内部宏功能","Directory","Vector_Scene_Create","Standalone_STARCCM_Functions/Vector_Scene_Create","本宏通过在 STAR-CCM+ 中执行 VectorSceneCreate.execute()，并调用 execute(), execute0(), getActiveSimulation(), getSceneManager(), createVectorScene(), getScene(), initializeAndWait(), getDisplayerManager() 操作 StarMacro、Simulation、Scene、SceneUpdate、HardcopyProperties、Legend、CurrentView，实现配置场景、视图和可视化对象以生成可检查的结果，解决场景显示和可视化输出依赖重复手工设置。","True","True","1","0","0","2","0","3"
"2026-09-06T21:18:41","Standalone_STARCCM_Functions","STAR-CCM+ 内部宏功能","File","AGENTS.md","Standalone_STARCCM_Functions/AGENTS.md","文件：AGENTS.md","False","False","0","0","0","1","0","1"
"2026-09-06T21:18:41","Standalone_STARCCM_Functions","STAR-CCM+ 内部宏功能","File","README.md","Standalone_STARCCM_Functions/README.md","文件：README.md","False","False","0","0","0","1","0","1"
